IMDB_1_acc_test_teacher,IMDB_1_acc_test_student,IMDB_1_acc_test_distilled,IMDB_1_time_train_teacher,IMDB_1_time_train_student,IMDB_1_time_train_distilled,IMDB_1_time_test_teacher,IMDB_1_time_test_student,IMDB_1_time_test_distilled,IMDB_0_acc_test_teacher,IMDB_0_acc_test_student,IMDB_0_acc_test_distilled,IMDB_0_time_train_teacher,IMDB_0_time_train_student,IMDB_0_time_train_distilled,IMDB_0_time_test_teacher,IMDB_0_time_test_student,IMDB_0_time_test_distilled,Fashion_MNIST_3_acc_test_teacher,Fashion_MNIST_3_acc_test_student,Fashion_MNIST_3_acc_test_distilled,Fashion_MNIST_3_time_train_teacher,Fashion_MNIST_3_time_train_student,Fashion_MNIST_3_time_train_distilled,Fashion_MNIST_3_time_test_teacher,Fashion_MNIST_3_time_test_student,Fashion_MNIST_3_time_test_distilled,IMDB_3_acc_test_teacher,IMDB_3_acc_test_student,IMDB_3_acc_test_distilled,IMDB_3_time_train_teacher,IMDB_3_time_train_student,IMDB_3_time_train_distilled,IMDB_3_time_test_teacher,IMDB_3_time_test_student,IMDB_3_time_test_distilled,CIFAR-10_1_acc_test_teacher,CIFAR-10_1_acc_test_student,CIFAR-10_1_acc_test_distilled,CIFAR-10_1_time_train_teacher,CIFAR-10_1_time_train_student,CIFAR-10_1_time_train_distilled,CIFAR-10_1_time_test_teacher,CIFAR-10_1_time_test_student,CIFAR-10_1_time_test_distilled,KMNIST_3_acc_test_teacher,KMNIST_3_acc_test_student,KMNIST_3_acc_test_distilled,KMNIST_3_time_train_teacher,KMNIST_3_time_train_student,KMNIST_3_time_train_distilled,KMNIST_3_time_test_teacher,KMNIST_3_time_test_student,KMNIST_3_time_test_distilled,KMNIST_1_acc_test_teacher,KMNIST_1_acc_test_student,KMNIST_1_acc_test_distilled,KMNIST_1_time_train_teacher,KMNIST_1_time_train_student,KMNIST_1_time_train_distilled,KMNIST_1_time_test_teacher,KMNIST_1_time_test_student,KMNIST_1_time_test_distilled,CIFAR-10_0_acc_test_teacher,CIFAR-10_0_acc_test_student,CIFAR-10_0_acc_test_distilled,CIFAR-10_0_time_train_teacher,CIFAR-10_0_time_train_student,CIFAR-10_0_time_train_distilled,CIFAR-10_0_time_test_teacher,CIFAR-10_0_time_test_student,CIFAR-10_0_time_test_distilled,Fashion_MNIST_2_acc_test_teacher,Fashion_MNIST_2_acc_test_student,Fashion_MNIST_2_acc_test_distilled,Fashion_MNIST_2_time_train_teacher,Fashion_MNIST_2_time_train_student,Fashion_MNIST_2_time_train_distilled,Fashion_MNIST_2_time_test_teacher,Fashion_MNIST_2_time_test_student,Fashion_MNIST_2_time_test_distilled,CIFAR-10_2_acc_test_teacher,CIFAR-10_2_acc_test_student,CIFAR-10_2_acc_test_distilled,CIFAR-10_2_time_train_teacher,CIFAR-10_2_time_train_student,CIFAR-10_2_time_train_distilled,CIFAR-10_2_time_test_teacher,CIFAR-10_2_time_test_student,CIFAR-10_2_time_test_distilled,IMDB_4_acc_test_teacher,IMDB_4_acc_test_student,IMDB_4_acc_test_distilled,IMDB_4_time_train_teacher,IMDB_4_time_train_student,IMDB_4_time_train_distilled,IMDB_4_time_test_teacher,IMDB_4_time_test_student,IMDB_4_time_test_distilled,KMNIST_0_acc_test_teacher,KMNIST_0_acc_test_student,KMNIST_0_acc_test_distilled,KMNIST_0_time_train_teacher,KMNIST_0_time_train_student,KMNIST_0_time_train_distilled,KMNIST_0_time_test_teacher,KMNIST_0_time_test_student,KMNIST_0_time_test_distilled,MNIST_0_acc_test_teacher,MNIST_0_acc_test_student,MNIST_0_acc_test_distilled,MNIST_0_time_train_teacher,MNIST_0_time_train_student,MNIST_0_time_train_distilled,MNIST_0_time_test_teacher,MNIST_0_time_test_student,MNIST_0_time_test_distilled,Fashion_MNIST_0_acc_test_teacher,Fashion_MNIST_0_acc_test_student,Fashion_MNIST_0_acc_test_distilled,Fashion_MNIST_0_time_train_teacher,Fashion_MNIST_0_time_train_student,Fashion_MNIST_0_time_train_distilled,Fashion_MNIST_0_time_test_teacher,Fashion_MNIST_0_time_test_student,Fashion_MNIST_0_time_test_distilled,Fashion_MNIST_1_acc_test_teacher,Fashion_MNIST_1_acc_test_student,Fashion_MNIST_1_acc_test_distilled,Fashion_MNIST_1_time_train_teacher,Fashion_MNIST_1_time_train_student,Fashion_MNIST_1_time_train_distilled,Fashion_MNIST_1_time_test_teacher,Fashion_MNIST_1_time_test_student,Fashion_MNIST_1_time_test_distilled,MNIST_1_acc_test_teacher,MNIST_1_acc_test_student,MNIST_1_acc_test_distilled,MNIST_1_time_train_teacher,MNIST_1_time_train_student,MNIST_1_time_train_distilled,MNIST_1_time_test_teacher,MNIST_1_time_test_student,MNIST_1_time_test_distilled,MNIST_3_acc_test_teacher,MNIST_3_acc_test_student,MNIST_3_acc_test_distilled,MNIST_3_time_train_teacher,MNIST_3_time_train_student,MNIST_3_time_train_distilled,MNIST_3_time_test_teacher,MNIST_3_time_test_student,MNIST_3_time_test_distilled,KMNIST_2_acc_test_teacher,KMNIST_2_acc_test_student,KMNIST_2_acc_test_distilled,KMNIST_2_time_train_teacher,KMNIST_2_time_train_student,KMNIST_2_time_train_distilled,KMNIST_2_time_test_teacher,KMNIST_2_time_test_student,KMNIST_2_time_test_distilled,IMDB_2_acc_test_teacher,IMDB_2_acc_test_student,IMDB_2_acc_test_distilled,IMDB_2_time_train_teacher,IMDB_2_time_train_student,IMDB_2_time_train_distilled,IMDB_2_time_test_teacher,IMDB_2_time_test_student,IMDB_2_time_test_distilled,MNIST_2_acc_test_teacher,MNIST_2_acc_test_student,MNIST_2_acc_test_distilled,MNIST_2_time_train_teacher,MNIST_2_time_train_student,MNIST_2_time_train_distilled,MNIST_2_time_test_teacher,MNIST_2_time_test_student,MNIST_2_time_test_distilled,CIFAR-10_3_acc_test_teacher,CIFAR-10_3_acc_test_student,CIFAR-10_3_acc_test_distilled,CIFAR-10_3_time_train_teacher,CIFAR-10_3_time_train_student,CIFAR-10_3_time_train_distilled,CIFAR-10_3_time_test_teacher,CIFAR-10_3_time_test_student,CIFAR-10_3_time_test_distilled
83.096,79.56,81.296,6.242379665374756,2.1959166526794434,6.230271100997925,1.3586556911468506,0.6150474548339844,1.3768815994262695,81.808,75.964,82.324,3.6777703762054443,1.1784701347351074,3.6950042247772217,0.900127649307251,0.44741201400756836,0.8929653167724609,70.32000000000001,70.43,69.42,4.383342266082764,0.7732939720153809,4.311520338058472,1.3073639869689941,0.1787583827972412,1.319201946258545,84.276,81.99600000000001,84.392,17.950663566589355,3.6729319095611572,17.816608428955078,4.054921627044678,0.904334306716919,3.7920522689819336,9.89,10.0,10.02,4.551741361618042,0.8998064994812012,4.57446813583374,0.39675021171569824,0.09796452522277832,0.37119555473327637,80.38,75.97,79.66,4.631349086761475,0.967606782913208,4.70690655708313,1.350855827331543,0.18391799926757812,1.3956809043884277,77.64,68.42,77.69,1.5802502632141113,0.4499976634979248,1.5926804542541504,0.31838345527648926,0.0620875358581543,0.3261878490447998,10.01,9.99,9.89,2.4947102069854736,0.9042179584503174,2.5078506469726562,0.2162158489227295,0.0890812873840332,0.2279975414276123,71.88,71.88,69.43,2.9127883911132812,0.781425952911377,2.511462450027466,0.8652968406677246,0.17392969131469727,0.7120413780212402,10.02,10.059999999999999,10.17,8.781038761138916,2.499810218811035,8.94176459312439,1.0082943439483643,0.22582721710205078,1.0454175472259521,84.032,83.43599999999999,83.504,11.47454023361206,6.295665740966797,11.317736625671387,2.7235589027404785,1.4134023189544678,2.6782431602478027,76.13,67.53,77.22,0.9692254066467285,0.48012447357177734,0.9647073745727539,0.18555879592895508,0.07164835929870605,0.1854867935180664,85.35000000000001,81.92,82.54,0.6877028942108154,0.3297305107116699,0.6896302700042725,0.16121792793273926,0.050237178802490234,0.1613609790802002,73.3,71.58,72.39,0.7683939933776855,0.3383781909942627,0.7773542404174805,0.17094802856445312,0.05170464515686035,0.16930270195007324,72.38,71.96000000000001,72.07000000000001,1.3257801532745361,0.34248828887939453,1.3206918239593506,0.31472086906433105,0.05104660987854004,0.3084981441497803,86.15,82.85,87.12,1.148751974105835,0.3353400230407715,1.1471006870269775,0.2826111316680908,0.07773685455322266,0.27756285667419434,86.89,85.94000000000001,87.81,3.7025322914123535,0.6860775947570801,3.786128520965576,1.2272732257843018,0.15108108520507812,1.2659001350402832,80.07,75.41,79.36,2.81371808052063,0.968888521194458,2.789278984069824,0.7423691749572754,0.18936634063720703,0.6930921077728271,83.476,80.368,84.088,11.255571603775024,2.1923179626464844,11.94715428352356,2.466280937194824,0.6173233985900879,3.186588764190674,88.36,83.53,84.38,2.109142541885376,0.7432780265808105,2.120661497116089,0.7088346481323242,0.15593624114990234,0.6629951000213623,10.059999999999999,9.959999999999999,10.24,13.594579458236694,2.5018553733825684,13.585744380950928,1.6279432773590088,0.22470498085021973,1.6711113452911377
85.56,78.536,85.328,4.976604700088501,2.0060055255889893,5.024274826049805,1.454538345336914,0.6379365921020508,1.5071592330932617,82.232,77.448,84.332,3.153391122817993,1.1489722728729248,3.167957305908203,0.9332554340362549,0.45440077781677246,0.9414763450622559,75.99000000000001,70.15,74.03999999999999,4.103311061859131,0.7295899391174316,3.9588308334350586,1.3247177600860596,0.17253780364990234,1.3384311199188232,85.936,84.208,86.508,15.608042478561401,3.1471686363220215,15.027414560317993,4.440185546875,0.9420616626739502,4.038084268569946,10.03,9.950000000000001,10.13,4.596431016921997,0.9115123748779297,4.591057777404785,0.39494776725769043,0.08866047859191895,0.3695228099822998,81.99,79.36999999999999,82.49,3.793346643447876,0.7462120056152344,3.919855833053589,1.417039394378662,0.1810619831085205,1.4064044952392578,81.69999999999999,72.02,79.69000000000001,1.193779706954956,0.36731648445129395,1.2024879455566406,0.3357889652252197,0.06360936164855957,0.3328700065612793,10.040000000000001,9.91,10.07,2.516077995300293,0.9086248874664307,2.5380585193634033,0.22186589241027832,0.09929060935974121,0.22289657592773438,72.89,72.94,71.13000000000001,2.647343873977661,0.712888240814209,2.219122886657715,0.8531317710876465,0.1784219741821289,0.7129275798797607,9.950000000000001,9.83,10.14,8.83134412765503,2.5270421504974365,9.055987119674683,1.0015664100646973,0.21815752983093262,1.098013162612915,86.22,82.504,85.684,9.289172172546387,5.188353061676025,9.099155187606812,3.093313455581665,1.5027978420257568,3.053234815597534,78.14999999999999,71.26,79.67999999999999,0.7536351680755615,0.37273716926574707,0.757899284362793,0.19108891487121582,0.06352734565734863,0.19002103805541992,87.52,86.57000000000001,87.03,0.5671453475952148,0.30419135093688965,0.5745267868041992,0.15862345695495605,0.05178070068359375,0.166703462600708,70.23,75.18,76.19,0.7134671211242676,0.3299832344055176,0.6991384029388428,0.17441821098327637,0.07149434089660645,0.1735389232635498,76.39,69.83,73.53,1.1872494220733643,0.32117700576782227,1.177290678024292,0.3136866092681885,0.05102729797363281,0.31459784507751465,85.8,85.78,85.48,0.9151713848114014,0.3048124313354492,0.9052624702453613,0.2896912097930908,0.06011223793029785,0.28351640701293945,89.83,86.99,88.88000000000001,3.1794803142547607,0.5891835689544678,3.2042222023010254,1.226902723312378,0.15421485900878906,1.2908012866973877,81.43,79.05,82.80999999999999,2.138745069503784,0.7419619560241699,2.06795072555542,0.7429366111755371,0.1974194049835205,0.7206242084503174,85.492,82.476,84.41199999999999,8.840272188186646,2.0031213760375977,10.044987440109253,2.8409783840179443,0.6387262344360352,3.568727731704712,89.35,87.38,89.5,1.6974942684173584,0.5773065090179443,1.66286301612854,0.7022874355316162,0.15698790550231934,0.6583735942840576,10.02,9.82,9.92,13.743336200714111,2.52478289604187,13.694327592849731,1.650022029876709,0.21970129013061523,1.686100721359253
86.004,82.93199999999999,79.364,4.616973638534546,1.8320167064666748,4.685692071914673,1.5096893310546875,0.6449897289276123,1.5708274841308594,81.804,79.552,84.672,2.909477949142456,1.101686716079712,2.9595837593078613,0.9495053291320801,0.45762038230895996,0.9431281089782715,75.36,71.85000000000001,75.58,3.9439666271209717,0.7214138507843018,3.830792188644409,1.3206477165222168,0.1764373779296875,1.346144676208496,87.156,84.084,87.304,14.774118900299072,2.949155807495117,14.214768171310425,4.675416946411133,0.9583830833435059,4.335793733596802,10.22,10.05,10.059999999999999,4.5781190395355225,0.9180335998535156,4.5815269947052,0.39339780807495117,0.08993172645568848,0.37619829177856445,84.46000000000001,80.45,83.66,3.546558380126953,0.6837029457092285,3.669715166091919,1.3931775093078613,0.18797874450683594,1.4312763214111328,81.58,74.21,82.82000000000001,1.064558744430542,0.3456845283508301,1.0905680656433105,0.3326845169067383,0.06293225288391113,0.33855199813842773,10.290000000000001,9.91,9.9,2.5385076999664307,0.9186294078826904,2.534158945083618,0.22770977020263672,0.09431195259094238,0.21713042259216309,75.32,74.15,72.7,2.5743978023529053,0.7047994136810303,2.1400811672210693,0.8697648048400879,0.17463898658752441,0.7165389060974121,9.92,10.209999999999999,10.08,8.943805694580078,2.536132574081421,9.065451860427856,0.9911558628082275,0.22873544692993164,1.0789430141448975,86.856,84.356,86.828,8.44827938079834,4.970964670181274,8.594763994216919,3.3107476234436035,1.5426344871520996,3.216658353805542,80.58999999999999,73.92999999999999,80.34,0.7020304203033447,0.35750603675842285,0.6959061622619629,0.18596768379211426,0.06245541572570801,0.18621039390563965,86.71,88.03,87.33,0.536454439163208,0.2927515506744385,0.5383613109588623,0.16048288345336914,0.0500028133392334,0.1551511287689209,76.03,70.55,74.33999999999999,0.6863000392913818,0.31778573989868164,0.6840143203735352,0.17288899421691895,0.060166120529174805,0.17210602760314941,72.8,74.67,74.88,1.1356346607208252,0.3191092014312744,1.1522448062896729,0.31134724617004395,0.051796913146972656,0.3154020309448242,89.28,87.12,88.99000000000001,0.8380966186523438,0.2906057834625244,0.8487339019775391,0.2838578224182129,0.051982879638671875,0.28531861305236816,91.01,88.66000000000001,90.83,2.999000310897827,0.5342562198638916,3.040631055831909,1.238288402557373,0.14685654640197754,1.2717759609222412,84.17,80.65,84.23,1.9121334552764893,0.6918342113494873,1.871891736984253,0.7638523578643799,0.19005727767944336,0.7207396030426025,86.892,82.25200000000001,87.1,8.320173740386963,1.8525512218475342,9.56965446472168,3.063312530517578,0.6449246406555176,3.7273647785186768,91.8,89.19,91.69,1.5776193141937256,0.5320954322814941,1.5647032260894775,0.7023963928222656,0.15456461906433105,0.656231164932251,10.17,10.11,10.01,13.776580572128296,2.538745164871216,13.729902982711792,1.637760877609253,0.22008872032165527,1.6868062019348145
82.384,76.664,84.292,4.586973190307617,1.8015410900115967,4.4849419593811035,1.531724214553833,0.6423017978668213,1.5938947200775146,80.22,80.34,83.696,2.865116596221924,1.0512237548828125,2.8560099601745605,0.956000566482544,0.45782947540283203,0.9600183963775635,78.73,72.13000000000001,75.64999999999999,3.877892017364502,0.6886112689971924,3.680443525314331,1.3457880020141602,0.1754441261291504,1.3712716102600098,87.712,85.672,88.156,14.380930423736572,2.8861324787139893,13.87466025352478,4.966436386108398,0.9586107730865479,4.600671291351318,9.99,10.0,10.02,4.603272438049316,0.9157016277313232,4.585998058319092,0.39693331718444824,0.09273386001586914,0.38576245307922363,84.94,80.53,85.28999999999999,3.4440557956695557,0.6556496620178223,3.547970771789551,1.4428479671478271,0.1871023178100586,1.447056770324707,83.89,75.25,83.03,1.0325310230255127,0.34246158599853516,1.0130853652954102,0.33538198471069336,0.06145834922790527,0.34005236625671387,10.0,9.91,10.040000000000001,2.5310518741607666,0.9146301746368408,2.5295498371124268,0.21060633659362793,0.08998703956604004,0.22215509414672852,75.57000000000001,73.18,76.42999999999999,2.5530107021331787,0.7087690830230713,2.0392796993255615,0.8646042346954346,0.17715239524841309,0.7167496681213379,10.01,10.09,10.13,8.922718524932861,2.5351171493530273,9.107743978500366,0.996056079864502,0.2206869125366211,1.054931402206421,86.168,84.976,87.524,8.3889639377594,4.684434413909912,8.178963661193848,3.4543371200561523,1.5476183891296387,3.4237043857574463,81.78999999999999,75.06,81.08999999999999,0.6437246799468994,0.33971357345581055,0.6596744060516357,0.19383001327514648,0.06296634674072266,0.1893904209136963,87.85,86.95,86.87,0.542586088180542,0.29024577140808105,0.5241186618804932,0.15442562103271484,0.05170178413391113,0.1575925350189209,71.17,75.24,75.14999999999999,0.6792075634002686,0.32239603996276855,0.6652078628540039,0.17623400688171387,0.05199790000915527,0.1706066131591797,72.88,72.24000000000001,74.68,1.1183502674102783,0.3172581195831299,1.1224653720855713,0.3143932819366455,0.051619529724121094,0.3175489902496338,89.08,86.57000000000001,90.93,0.8146905899047852,0.2812333106994629,0.8111562728881836,0.2892265319824219,0.065399169921875,0.2733194828033447,92.03,86.33999999999999,92.25,2.8765125274658203,0.5229794979095459,2.9735095500946045,1.2254877090454102,0.15127897262573242,1.3021340370178223,84.2,82.45,84.13000000000001,1.8136746883392334,0.6553218364715576,1.7333359718322754,0.7614345550537109,0.1932981014251709,0.7348277568817139,87.26,78.84,87.41600000000001,7.881057262420654,1.7647686004638672,9.50539493560791,3.228070020675659,0.65413498878479,3.809314489364624,90.77,89.11,91.82000000000001,1.5622851848602295,0.5211715698242188,1.4679169654846191,0.7049460411071777,0.15460634231567383,0.6551995277404785,10.209999999999999,10.12,10.18,13.781210660934448,2.5371994972229004,13.778989791870117,1.6508240699768066,0.21834540367126465,1.7335681915283203
82.584,82.336,85.168,4.424583911895752,1.7405025959014893,4.432941436767578,1.53184175491333,0.6562573909759521,1.6172306537628174,85.104,80.78,84.648,2.7940797805786133,1.0243628025054932,2.8216183185577393,0.9589734077453613,0.45892930030822754,0.9588718414306641,77.84,74.35000000000001,76.41,3.7993576526641846,0.6771221160888672,3.66572642326355,1.338270902633667,0.17591595649719238,1.3503570556640625,88.248,84.552,88.144,14.195533275604248,2.756467580795288,13.556338787078857,5.168377637863159,0.9576528072357178,4.814003229141235,10.31,9.94,10.18,4.594810247421265,0.9156138896942139,4.59617280960083,0.3990659713745117,0.08992290496826172,0.37884044647216797,86.2,82.21000000000001,86.52,3.362952709197998,0.626584529876709,3.46187162399292,1.4347889423370361,0.18291640281677246,1.466503620147705,84.04,77.25,84.27,0.9658632278442383,0.33929967880249023,0.9734089374542236,0.3358886241912842,0.06201624870300293,0.3388381004333496,10.100000000000001,9.9,9.9,2.522277593612671,0.9163861274719238,2.5390474796295166,0.2224719524383545,0.09018492698669434,0.22414302825927734,76.95,75.59,75.99000000000001,2.497882127761841,0.6662507057189941,2.012327194213867,0.8680734634399414,0.17951679229736328,0.7271215915679932,9.99,10.08,10.059999999999999,8.889333486557007,2.528301954269409,9.088410139083862,1.001112461090088,0.2205188274383545,1.0612022876739502,87.608,85.47200000000001,85.08,8.227218389511108,4.588182210922241,8.147866249084473,3.5166730880737305,1.5273323059082031,3.4641001224517822,81.89999999999999,74.52,82.02000000000001,0.6238992214202881,0.3467423915863037,0.6189684867858887,0.20237255096435547,0.06790637969970703,0.1885969638824463,89.42,88.17,89.45,0.4946587085723877,0.2779579162597656,0.5110411643981934,0.1623528003692627,0.05371570587158203,0.17232394218444824,73.47,75.72,74.97,0.6713039875030518,0.318270206451416,0.6602790355682373,0.18147993087768555,0.05193901062011719,0.1727752685546875,71.67999999999999,75.52,75.17,1.0998594760894775,0.31136441230773926,1.1114380359649658,0.3211374282836914,0.0514371395111084,0.3189206123352051,91.27,89.2,90.89,0.7898077964782715,0.277585506439209,0.7840900421142578,0.294217586517334,0.05980420112609863,0.2833993434906006,91.44,87.21,92.25,2.833303928375244,0.510857105255127,2.9247994422912598,1.2406949996948242,0.15268850326538086,1.281660795211792,85.00999999999999,82.54,85.5,1.720019817352295,0.6384220123291016,1.671114206314087,0.7777800559997559,0.198927640914917,0.7224600315093994,87.392,77.42,87.712,7.934770584106445,1.756443738937378,9.042349338531494,3.3755156993865967,0.6413061618804932,3.9343972206115723,92.16,88.94999999999999,92.81,1.4793062210083008,0.5116293430328369,1.4384586811065674,0.698317289352417,0.16231751441955566,0.6769406795501709,10.16,9.9,10.23,13.708542823791504,2.5250675678253174,13.66164517402649,1.7061381340026855,0.21871423721313477,1.686286211013794
87.248,84.736,87.468,4.190057039260864,1.7222130298614502,4.322077751159668,1.5498602390289307,0.6453759670257568,1.636958122253418,85.652,77.74799999999999,84.628,2.713189125061035,0.9947049617767334,2.6586835384368896,0.9668071269989014,0.46052002906799316,0.9663562774658203,77.03999999999999,70.53,77.4,3.750682830810547,0.6691882610321045,3.6848037242889404,1.3441174030303955,0.17362403869628906,1.3640472888946533,86.476,86.124,88.28399999999999,13.707899570465088,2.6739578247070312,13.326363801956177,5.361989736557007,0.9605414867401123,4.9696643352508545,9.959999999999999,9.99,10.280000000000001,4.607590436935425,0.9110157489776611,4.590214967727661,0.3935701847076416,0.09539937973022461,0.37537264823913574,85.78,82.14,86.48,3.2824411392211914,0.6072211265563965,3.3911519050598145,1.4415967464447021,0.18326497077941895,1.4774699211120605,84.09,74.3,84.11,0.9333968162536621,0.3265957832336426,0.9529006481170654,0.34253764152526855,0.06197667121887207,0.3398280143737793,10.07,10.0,10.11,2.536536693572998,0.9176042079925537,2.5308735370635986,0.21751689910888672,0.09623289108276367,0.21891570091247559,77.39,75.26,77.2,2.470707654953003,0.671297550201416,2.021289825439453,0.8442857265472412,0.18349671363830566,0.7234134674072266,10.040000000000001,10.290000000000001,10.15,8.893560647964478,2.522336959838867,9.042634725570679,0.9993336200714111,0.21791625022888184,1.0729377269744873,87.96000000000001,86.18,88.256,7.854977607727051,4.446188449859619,7.8219153881073,3.5535638332366943,1.5432374477386475,3.538952350616455,82.24000000000001,76.0,82.19,0.598513126373291,0.3576362133026123,0.6075828075408936,0.19679498672485352,0.062124013900756836,0.1902921199798584,88.81,87.75,87.78,0.503040075302124,0.27552247047424316,0.49533915519714355,0.15398120880126953,0.05315232276916504,0.15551447868347168,70.83,75.07000000000001,75.69,0.6575155258178711,0.3082540035247803,0.6436460018157959,0.17291665077209473,0.05071067810058594,0.1726369857788086,74.55000000000001,76.69,76.87,1.0570058822631836,0.3117351531982422,1.0789589881896973,0.3175227642059326,0.05185866355895996,0.3148171901702881,90.78,88.57000000000001,90.29,0.7772538661956787,0.273082971572876,0.770338773727417,0.29578351974487305,0.052095890045166016,0.2801055908203125,93.28,88.87,93.62,2.7642712593078613,0.5112299919128418,2.8249831199645996,1.234098196029663,0.15146327018737793,1.292614221572876,85.11999999999999,81.96,86.11,1.6835012435913086,0.609703779220581,1.5929803848266602,0.774787187576294,0.1954193115234375,0.7260770797729492,87.79599999999999,80.856,87.408,7.788716793060303,1.6749320030212402,8.804213762283325,3.4308395385742188,0.6501953601837158,3.9490244388580322,91.03,90.42,92.73,1.4739129543304443,0.4998321533203125,1.4047727584838867,0.7092297077178955,0.1679701805114746,0.7445411682128906,10.02,10.13,10.040000000000001,13.719795942306519,2.5332186222076416,13.710081577301025,1.6592738628387451,0.22060346603393555,1.71476411819458
87.124,73.976,87.396,4.19757866859436,1.6766769886016846,4.106170654296875,1.543156623840332,0.6445155143737793,1.6430375576019287,81.78800000000001,79.75999999999999,85.536,2.6819050312042236,0.991645336151123,2.636194944381714,0.9508254528045654,0.46764206886291504,0.9604508876800537,77.95,76.66,76.21,3.707545042037964,0.6633927822113037,3.5918452739715576,1.3255209922790527,0.17145395278930664,1.3620555400848389,88.044,82.17999999999999,88.504,13.418401956558228,2.6660919189453125,12.792518615722656,5.493697643280029,0.9557836055755615,5.031319856643677,10.03,9.94,10.11,4.589493036270142,0.9179027080535889,4.595198154449463,0.39720582962036133,0.09888887405395508,0.37995433807373047,86.6,82.89999999999999,87.06,3.2370383739471436,0.5887329578399658,3.3640496730804443,1.4580531120300293,0.18664026260375977,1.471996784210205,84.2,76.3,84.52,0.8996889591217041,0.32604312896728516,0.9058990478515625,0.3358018398284912,0.06214189529418945,0.34655332565307617,10.07,10.01,9.99,2.511190891265869,0.9147915840148926,2.520982503890991,0.22539305686950684,0.09069299697875977,0.229201078414917,78.45,72.87,76.79,2.4432225227355957,0.6612534523010254,1.9774572849273682,0.8655169010162354,0.18187355995178223,0.7182366847991943,10.15,10.14,10.040000000000001,8.871350049972534,2.535047769546509,9.069206237792969,1.0134484767913818,0.22692179679870605,1.0810706615447998,87.82799999999999,86.61999999999999,86.3,7.622837066650391,4.312680721282959,7.742149114608765,3.6201958656311035,1.557499885559082,3.6154539585113525,83.16,76.22,82.91,0.5983331203460693,0.3598763942718506,0.59641432762146,0.19063091278076172,0.06734538078308105,0.19261884689331055,89.53,88.03999999999999,89.28,0.49251294136047363,0.27136659622192383,0.4941408634185791,0.16224336624145508,0.05319046974182129,0.1564185619354248,77.08,76.97,73.87,0.6566321849822998,0.31276392936706543,0.6471207141876221,0.1787879467010498,0.06278300285339355,0.16797614097595215,77.62,73.50999999999999,77.31,1.0734033584594727,0.307544469833374,1.0518367290496826,0.31449127197265625,0.05134296417236328,0.3155343532562256,91.05,91.05,92.39,0.7650642395019531,0.2754640579223633,0.7535455226898193,0.284207820892334,0.051985979080200195,0.2949044704437256,93.66,90.16999999999999,94.25,2.739347457885742,0.4945235252380371,2.8255348205566406,1.2578015327453613,0.1499776840209961,1.286412239074707,84.97,82.56,86.42,1.6514229774475098,0.5947682857513428,1.5429294109344482,0.7715833187103271,0.19671368598937988,0.7435257434844971,87.76,82.536,86.836,7.452478647232056,1.6586601734161377,8.918649673461914,3.4868617057800293,0.6466269493103027,3.9599690437316895,92.9,89.47,91.58,1.4287281036376953,0.4997549057006836,1.3694846630096436,0.6978943347930908,0.16076374053955078,0.6562423706054688,9.81,10.11,10.17,13.697095394134521,2.531863212585449,13.784793376922607,1.6809451580047607,0.22314763069152832,1.6967146396636963
84.572,84.068,86.968,4.144192218780518,1.627272367477417,4.133557558059692,1.5702307224273682,0.6401503086090088,1.6351919174194336,80.796,79.56400000000001,78.324,2.6117801666259766,0.9639739990234375,2.619170665740967,0.9575932025909424,0.4661240577697754,0.9588541984558105,78.95,73.61999999999999,80.89,3.6528310775756836,0.6491532325744629,3.5541787147521973,1.3441071510314941,0.17260503768920898,1.3608627319335938,85.39999999999999,83.648,86.59599999999999,13.576388120651245,2.5920968055725098,12.684357643127441,5.616304874420166,0.9460487365722656,5.202930927276611,9.98,9.91,9.99,4.599024772644043,0.9178967475891113,4.591719388961792,0.39595460891723633,0.09904980659484863,0.38216209411621094,86.53999999999999,82.67999999999999,86.82,3.162285327911377,0.5845446586608887,3.2945706844329834,1.4467482566833496,0.18277430534362793,1.4492733478546143,84.67,77.18,83.88,0.8573698997497559,0.3226358890533447,0.875746488571167,0.334028959274292,0.061982154846191406,0.33902883529663086,10.02,9.81,10.0,2.518162965774536,0.9210867881774902,2.5360641479492188,0.22066497802734375,0.09128046035766602,0.21486425399780273,76.44,74.0,74.72,2.464247941970825,0.644171953201294,1.9431464672088623,0.8688361644744873,0.18017935752868652,0.7196047306060791,10.02,10.12,10.059999999999999,8.91963243484497,2.5331482887268066,9.089462041854858,1.0016934871673584,0.21578454971313477,1.0479376316070557,88.208,82.77600000000001,88.352,7.683867454528809,4.216779947280884,7.724795341491699,3.6713180541992188,1.5472984313964844,3.679429531097412,82.92,75.41,83.54,0.5859272480010986,0.31800103187561035,0.5756072998046875,0.1978466510772705,0.06216907501220703,0.18817138671875,89.46,88.48,89.14999999999999,0.48709535598754883,0.264085054397583,0.48529601097106934,0.15805530548095703,0.0516963005065918,0.16055655479431152,75.17,74.3,74.25,0.6542618274688721,0.3067307472229004,0.6313605308532715,0.1732041835784912,0.05138230323791504,0.1670701503753662,73.8,76.09,77.99000000000001,1.0592896938323975,0.3217461109161377,1.0813469886779785,0.31501054763793945,0.05206584930419922,0.31928205490112305,92.23,90.33,92.21000000000001,0.7532343864440918,0.2718942165374756,0.7460217475891113,0.29309606552124023,0.05972743034362793,0.2861349582672119,93.08999999999999,90.23,92.69,2.6873035430908203,0.48636722564697266,2.769315242767334,1.2464373111724854,0.15598392486572266,1.292079210281372,86.11,83.88,87.2,1.5893118381500244,0.572880744934082,1.504826307296753,0.7930052280426025,0.20082712173461914,0.7388741970062256,87.98,84.124,87.996,7.289698600769043,1.5930078029632568,8.591783285140991,3.556226968765259,0.6393551826477051,4.012798547744751,92.5,89.5,92.19000000000001,1.3872253894805908,0.4804816246032715,1.4547336101531982,0.7048258781433105,0.15822887420654297,0.6640269756317139,10.27,10.100000000000001,10.209999999999999,13.782431840896606,2.5360114574432373,13.717289924621582,1.687422275543213,0.21848535537719727,1.6989209651947021
87.752,83.596,87.852,4.063165664672852,1.6089253425598145,4.003319263458252,1.568277359008789,0.6427342891693115,1.6498823165893555,85.932,82.52000000000001,83.244,2.5428998470306396,0.957324743270874,2.5464417934417725,0.956840991973877,0.46268415451049805,0.9685676097869873,78.64,76.23,79.24,3.635535478591919,0.6327047348022461,3.5381760597229004,1.3192932605743408,0.17662930488586426,1.3480472564697266,87.888,80.988,86.97200000000001,13.535132884979248,2.616384506225586,12.611658334732056,5.665818214416504,0.9545855522155762,5.340156078338623,10.209999999999999,10.290000000000001,10.12,4.588411569595337,0.9142506122589111,4.605680704116821,0.3978860378265381,0.09051036834716797,0.38085055351257324,86.79,83.33,87.47,3.1319401264190674,0.5737731456756592,3.275243043899536,1.4742109775543213,0.19298481941223145,1.4863734245300293,85.38,78.11,85.49,0.846956729888916,0.3167293071746826,0.8601758480072021,0.34029197692871094,0.062290191650390625,0.3485550880432129,10.0,9.98,9.950000000000001,2.5295298099517822,0.9126503467559814,2.5283336639404297,0.21403837203979492,0.09142231941223145,0.22413277626037598,75.86,75.92,76.53999999999999,2.410808563232422,0.6432657241821289,1.9083747863769531,0.8732922077178955,0.1786811351776123,0.7154314517974854,10.01,10.01,10.09,8.862179279327393,2.5119874477386475,9.059123992919922,0.9956562519073486,0.21577239036560059,1.056835651397705,87.4,86.932,88.14,7.576564788818359,4.192465305328369,7.5110251903533936,3.690354824066162,1.552830696105957,3.6869349479675293,83.21,77.05,83.17,0.5931048393249512,0.3200666904449463,0.5685255527496338,0.20990443229675293,0.06235361099243164,0.19444966316223145,90.05,89.69,89.08,0.4811668395996094,0.27110934257507324,0.487471342086792,0.15950417518615723,0.052474021911621094,0.16223692893981934,77.10000000000001,75.41,75.27000000000001,0.6439652442932129,0.3055388927459717,0.629551887512207,0.1861739158630371,0.05570340156555176,0.1689469814300537,74.4,74.82,76.53,1.0366458892822266,0.30394625663757324,1.069164514541626,0.3201029300689697,0.051077842712402344,0.31154656410217285,92.51,90.16,92.12,0.7416019439697266,0.2735590934753418,0.740241527557373,0.2800004482269287,0.057211875915527344,0.28099536895751953,93.85,90.08,94.55,2.689239501953125,0.47835206985473633,2.754514217376709,1.2338416576385498,0.15293240547180176,1.2721307277679443,86.92,83.3,86.35000000000001,1.549177646636963,0.5783483982086182,1.4695146083831787,0.782177209854126,0.19300556182861328,0.74395751953125,87.872,83.976,87.768,7.238840579986572,1.590083122253418,8.447952270507812,3.55845308303833,0.6518552303314209,4.069460153579712,94.08,91.33,92.58999999999999,1.3638219833374023,0.4832444190979004,1.3157613277435303,0.7077968120574951,0.15848612785339355,0.662325382232666,10.23,10.059999999999999,10.11,13.858173608779907,2.533562660217285,13.774572849273682,1.7040331363677979,0.2134265899658203,1.703949213027954
87.464,84.836,87.424,4.032000541687012,1.5917584896087646,3.877201795578003,1.5582618713378906,0.6478214263916016,1.6311986446380615,86.02,82.952,86.68,2.5105504989624023,0.9511480331420898,2.5014548301696777,0.948932409286499,0.45737624168395996,0.9626293182373047,79.75999999999999,75.8,77.03999999999999,3.625934600830078,0.6470632553100586,3.495617628097534,1.3628766536712646,0.18475914001464844,1.3724420070648193,88.276,85.71600000000001,88.492,13.035865068435669,2.5288538932800293,12.423617601394653,5.800100088119507,0.9555637836456299,5.515307426452637,10.100000000000001,10.02,9.94,4.603501081466675,0.9153103828430176,4.6028807163238525,0.40131235122680664,0.09917616844177246,0.37893223762512207,87.49,84.17,87.51,3.1239593029022217,0.5660285949707031,3.244905471801758,1.4338295459747314,0.18736934661865234,1.468543529510498,86.13,77.35,85.61999999999999,0.8361680507659912,0.31200337409973145,0.8398926258087158,0.34139037132263184,0.06204414367675781,0.35666680335998535,10.059999999999999,10.040000000000001,10.08,2.549644947052002,0.9160568714141846,2.5370070934295654,0.21948766708374023,0.08976054191589355,0.21940231323242188,77.57,74.72999999999999,79.7,2.3799548149108887,0.6429226398468018,1.8839256763458252,0.8732175827026367,0.18515515327453613,0.7167782783508301,10.26,10.17,9.99,8.930355548858643,2.540316581726074,9.029286861419678,1.0071847438812256,0.22291111946105957,1.085496425628662,87.48,87.724,86.8,7.563052415847778,4.039478063583374,7.480351209640503,3.7454380989074707,1.5556278228759766,3.68821382522583,83.67999999999999,77.51,83.62,0.5576131343841553,0.3341655731201172,0.5582695007324219,0.19624543190002441,0.08214521408081055,0.19653034210205078,88.72,90.14,88.97,0.46750426292419434,0.2686772346496582,0.4772219657897949,0.1590888500213623,0.05673360824584961,0.1591341495513916,75.96000000000001,75.19,74.66000000000001,0.628319263458252,0.317105770111084,0.6285412311553955,0.17075014114379883,0.05248093605041504,0.1771259307861328,75.63,74.95,76.33,1.0280427932739258,0.3079221248626709,1.0485098361968994,0.32566022872924805,0.052327871322631836,0.31870460510253906,92.08,89.23,92.58999999999999,0.7265172004699707,0.2719399929046631,0.7192285060882568,0.285538911819458,0.05189085006713867,0.28655195236206055,93.30000000000001,88.17,94.11,2.6637067794799805,0.4754354953765869,2.7091479301452637,1.260016918182373,0.1536548137664795,1.2992229461669922,87.0,84.64,86.31,1.5304484367370605,0.5714693069458008,1.4526457786560059,0.788217306137085,0.18885231018066406,0.7554841041564941,88.288,82.288,88.292,7.2089011669158936,1.5656390190124512,8.542466402053833,3.6405508518218994,0.6388847827911377,4.051263809204102,92.99,90.83,93.05,1.3703901767730713,0.4771578311920166,1.3014984130859375,0.7068774700164795,0.165663480758667,0.6663050651550293,10.22,10.05,10.14,13.753558158874512,2.524484395980835,13.781675338745117,1.652904748916626,0.22551846504211426,1.7137725353240967
86.392,82.62,87.508,3.9551894664764404,1.566889762878418,3.920842170715332,1.57621169090271,0.6412343978881836,1.6616227626800537,86.29599999999999,81.0,86.72800000000001,2.3890345096588135,0.9373331069946289,2.432565212249756,0.9571683406829834,0.46195530891418457,0.9615516662597656,78.32000000000001,77.23,77.78,3.604386568069458,0.6468422412872314,3.4609556198120117,1.3545889854431152,0.17196202278137207,1.3333072662353516,88.75999999999999,86.33999999999999,87.21600000000001,12.677397727966309,2.458322525024414,12.346630334854126,5.871588706970215,0.9481167793273926,5.646743535995483,10.09,10.11,10.18,4.618462085723877,0.9156131744384766,4.59483790397644,0.3904232978820801,0.09047746658325195,0.38271093368530273,87.53999999999999,83.5,87.71,3.104921817779541,0.5630297660827637,3.2033841609954834,1.466350793838501,0.18885087966918945,1.485703706741333,85.82,77.27000000000001,84.97,0.8245739936828613,0.31847095489501953,0.8299801349639893,0.3380589485168457,0.06152606010437012,0.3457212448120117,10.09,10.13,10.2,2.514930486679077,0.9156737327575684,2.5448505878448486,0.2237846851348877,0.09803605079650879,0.21575713157653809,78.03999999999999,76.23,78.7,2.3985841274261475,0.6413037776947021,1.876833200454712,0.8586409091949463,0.17771100997924805,0.7257194519042969,10.16,10.25,10.05,8.871227025985718,2.542388916015625,9.047240495681763,1.017160415649414,0.2188246250152588,1.0493993759155273,87.156,85.752,88.056,7.430796384811401,4.058279514312744,7.4973390102386475,3.705813407897949,1.5608398914337158,3.7312300205230713,84.0,77.52,84.22,0.5547621250152588,0.31931495666503906,0.5556926727294922,0.19350194931030273,0.06185460090637207,0.19214868545532227,90.38000000000001,89.23,90.16999999999999,0.46911048889160156,0.26984524726867676,0.47220730781555176,0.1555776596069336,0.052059173583984375,0.16135287284851074,77.10000000000001,74.77000000000001,75.26,0.6230370998382568,0.31000638008117676,0.6250829696655273,0.1738438606262207,0.05988049507141113,0.1729297637939453,76.06,78.36999999999999,77.2,1.0296523571014404,0.3049013614654541,1.0307481288909912,0.31580448150634766,0.05231833457946777,0.3222229480743408,92.12,90.06,91.67,0.7136590480804443,0.2688722610473633,0.7295219898223877,0.29357361793518066,0.06045389175415039,0.2912013530731201,94.06,89.69,93.86,2.620457410812378,0.48662686347961426,2.6861300468444824,1.2497127056121826,0.1503920555114746,1.280247449874878,86.4,83.28999999999999,87.03999999999999,1.4930472373962402,0.5550551414489746,1.4128341674804688,0.7892444133758545,0.19364237785339355,0.7408769130706787,86.828,81.784,87.56,7.204935312271118,1.5448224544525146,8.389976263046265,3.6570494174957275,0.6428360939025879,3.991744041442871,93.01,90.98,92.61,1.345658540725708,0.4963662624359131,1.270052433013916,0.7157588005065918,0.1889944076538086,0.6602318286895752,10.25,10.100000000000001,10.01,13.665828704833984,2.52099871635437,13.829785823822021,1.679380178451538,0.22281742095947266,1.6916205883026123
84.524,78.12,85.236,3.741370677947998,1.5490918159484863,3.819014072418213,1.5596191883087158,0.6396479606628418,1.6451451778411865,86.744,82.784,86.168,2.4586517810821533,0.9215419292449951,2.4636077880859375,0.9385855197906494,0.454226016998291,0.9627087116241455,78.29,77.13,78.89,3.579850912094116,0.6402838230133057,3.4369819164276123,1.326192855834961,0.17928218841552734,1.3537955284118652,88.016,86.528,86.676,12.674319982528687,2.46311092376709,12.52144718170166,5.874865293502808,0.9524378776550293,5.6900999546051025,9.99,9.610000000000001,10.27,4.6149656772613525,0.9113619327545166,4.586294889450073,0.4056355953216553,0.0897212028503418,0.37203478813171387,87.82,83.65,87.87,3.076948404312134,0.5486297607421875,3.1905534267425537,1.4166522026062012,0.18774986267089844,1.4651610851287842,86.04,78.47,85.65,0.8129053115844727,0.31018614768981934,0.8210363388061523,0.3395535945892334,0.06182551383972168,0.34396886825561523,9.99,10.09,10.07,2.5359904766082764,0.9164953231811523,2.5343177318573,0.2197716236114502,0.09492993354797363,0.2223646640777588,79.01,76.89,78.35,2.3567259311676025,0.6284830570220947,1.8835749626159668,0.8926560878753662,0.18437862396240234,0.7272601127624512,10.12,10.05,9.969999999999999,8.882253646850586,2.5385942459106445,9.05390453338623,1.0128765106201172,0.2136528491973877,1.0848779678344727,87.92,85.176,87.0,7.119541168212891,3.958244562149048,7.27979850769043,3.800821304321289,1.5619394779205322,3.775442361831665,83.25,77.86999999999999,84.48,0.5364375114440918,0.31556224822998047,0.5439512729644775,0.2081005573272705,0.06906795501708984,0.1955718994140625,90.72,89.86,90.42999999999999,0.469372034072876,0.27292871475219727,0.47689342498779297,0.1586301326751709,0.05216193199157715,0.15481853485107422,77.52,77.38000000000001,75.07000000000001,0.6272091865539551,0.31476831436157227,0.6269514560699463,0.17371463775634766,0.06302189826965332,0.1726682186126709,77.64999999999999,76.53,76.63,1.0168585777282715,0.3058171272277832,1.0110924243927002,0.318098783493042,0.052461862564086914,0.3268287181854248,91.92,90.53999999999999,92.36999999999999,0.7029292583465576,0.2640354633331299,0.7146134376525879,0.2828028202056885,0.05160665512084961,0.28221607208251953,94.41000000000001,90.23,93.62,2.6263625621795654,0.47261977195739746,2.68795108795166,1.2502102851867676,0.17465877532958984,1.3003311157226562,87.66000000000001,83.33,86.32,1.4883818626403809,0.5448379516601562,1.4151206016540527,0.7878546714782715,0.1989431381225586,0.7457435131072998,87.21600000000001,85.19200000000001,88.344,7.136552333831787,1.494429588317871,8.244442462921143,3.6775710582733154,0.6412739753723145,3.9845998287200928,92.93,90.33,93.55,1.3302316665649414,0.47533512115478516,1.253875732421875,0.706270694732666,0.16525530815124512,0.6630046367645264,10.02,10.23,10.01,13.784874200820923,2.530708074569702,13.801488399505615,1.7051191329956055,0.22227835655212402,1.68259859085083
86.86,80.604,86.22,3.8380441665649414,1.506941318511963,3.836789846420288,1.5611693859100342,0.6440567970275879,1.6656689643859863,85.64,78.8,86.82,2.4164576530456543,0.9184885025024414,2.355729818344116,0.9443466663360596,0.45949840545654297,0.9574403762817383,77.95,77.22,79.47999999999999,3.5795910358428955,0.6412088871002197,3.488178253173828,1.328315258026123,0.19530463218688965,1.3464512825012207,87.996,82.844,88.152,12.312298774719238,2.377545118331909,12.743418216705322,5.9078369140625,0.9486663341522217,5.756739377975464,10.18,9.950000000000001,10.01,4.5917181968688965,0.9106307029724121,4.588454008102417,0.3960139751434326,0.1019585132598877,0.38813138008117676,88.1,84.19,88.01,3.0614612102508545,0.5404794216156006,3.1752169132232666,1.4805216789245605,0.1915726661682129,1.4531385898590088,86.22999999999999,78.39,85.8,0.7957639694213867,0.3043630123138428,0.8078186511993408,0.34096312522888184,0.06213784217834473,0.34816980361938477,9.969999999999999,10.11,10.01,2.5304629802703857,0.9160017967224121,2.524491310119629,0.2223982810974121,0.09090185165405273,0.22165584564208984,78.83,75.01,78.79,2.344576358795166,0.6331868171691895,1.8599579334259033,0.8522140979766846,0.1844615936279297,0.7220146656036377,10.22,10.12,10.059999999999999,8.981670141220093,2.5196633338928223,9.110924482345581,1.022578239440918,0.2213449478149414,1.0574302673339844,86.064,86.036,87.656,7.241175174713135,3.6713852882385254,7.218603134155273,3.7884514331817627,1.5492582321166992,3.832623243331909,84.75,77.53999999999999,84.17,0.5439062118530273,0.31803464889526367,0.5495450496673584,0.1948850154876709,0.06223416328430176,0.18863749504089355,90.42999999999999,90.16,91.86999999999999,0.4612298011779785,0.2752726078033447,0.4662752151489258,0.15942883491516113,0.05226945877075195,0.16199183464050293,74.48,76.55,76.63,0.6180830001831055,0.30615830421447754,0.6308383941650391,0.1710200309753418,0.05191683769226074,0.17414045333862305,77.0,75.44,78.97,1.005932331085205,0.30571603775024414,1.0135111808776855,0.322857141494751,0.050962209701538086,0.32479238510131836,92.80000000000001,89.59,92.12,0.731966495513916,0.26560497283935547,0.7043030261993408,0.2886998653411865,0.05651116371154785,0.2943851947784424,94.34,90.51,94.95,2.578127145767212,0.46135568618774414,2.7069551944732666,1.2548296451568604,0.15153980255126953,1.3053431510925293,87.35000000000001,84.26,86.82,1.4587504863739014,0.5307149887084961,1.386653184890747,0.7890470027923584,0.19695281982421875,0.7537870407104492,86.83999999999999,83.8,87.748,7.152514219284058,1.5173828601837158,8.157192468643188,3.7064967155456543,0.6391146183013916,4.073672771453857,93.2,91.11,94.25,1.3543822765350342,0.4701039791107178,1.2677528858184814,0.7099807262420654,0.16542983055114746,0.6685881614685059,10.15,9.969999999999999,10.12,13.705151319503784,2.5325140953063965,13.806710720062256,1.6515414714813232,0.21568894386291504,1.671032428741455
87.788,84.944,87.612,3.811493158340454,1.5138075351715088,3.61348819732666,1.5669326782226562,0.6395909786224365,1.6755521297454834,84.088,83.276,86.944,2.375464677810669,0.9046604633331299,2.3400940895080566,0.9341788291931152,0.4618070125579834,0.9647552967071533,79.46,77.32,79.61,3.552283525466919,0.6295368671417236,3.440732955932617,1.3262734413146973,0.17969775199890137,1.350403070449829,88.57199999999999,84.86,86.92800000000001,12.551300287246704,2.398977756500244,12.801459550857544,5.995603084564209,0.9527146816253662,5.80881929397583,10.16,9.93,10.34,4.61079478263855,0.915442943572998,4.5991528034210205,0.3934807777404785,0.09890055656433105,0.3838810920715332,87.59,84.0,88.14,3.0367629528045654,0.5312178134918213,3.159151792526245,1.4253857135772705,0.18648147583007812,1.4580092430114746,86.1,77.78,86.1,0.791121244430542,0.30966663360595703,0.7942345142364502,0.34349608421325684,0.06176400184631348,0.3474612236022949,10.059999999999999,9.73,10.02,2.523621082305908,0.9166080951690674,2.5350074768066406,0.22015666961669922,0.09731698036193848,0.21672844886779785,78.78,76.57000000000001,76.91,2.318096160888672,0.633091926574707,1.837517499923706,0.8511483669281006,0.1853351593017578,0.7193758487701416,10.01,9.86,10.03,8.95158839225769,2.527082920074463,9.145576477050781,0.995241641998291,0.22739100456237793,1.0650949478149414,88.536,84.652,87.18,7.032238006591797,4.005039930343628,7.358837842941284,3.780499219894409,1.5500288009643555,3.7720460891723633,84.92,77.58,84.53,0.5398659706115723,0.3221409320831299,0.5330367088317871,0.18555641174316406,0.06196331977844238,0.19275856018066406,93.17,89.36,90.06,0.46239686012268066,0.2643141746520996,0.46715521812438965,0.16422510147094727,0.059557199478149414,0.15712451934814453,76.82,74.7,74.38,0.6247172355651855,0.3028564453125,0.6250183582305908,0.1723167896270752,0.056063175201416016,0.1707601547241211,76.28,73.24000000000001,74.06,0.984971284866333,0.3051764965057373,1.0187246799468994,0.314807653427124,0.052541494369506836,0.32987427711486816,92.13,90.99000000000001,92.75999999999999,0.6967785358428955,0.2687563896179199,0.7064509391784668,0.28606414794921875,0.052659034729003906,0.2855384349822998,94.41000000000001,90.75,94.27,2.5855860710144043,0.4646894931793213,2.6849887371063232,1.2272708415985107,0.1512165069580078,1.2886672019958496,87.33,85.03,87.5,1.4652795791625977,0.5268111228942871,1.3512001037597656,0.8004851341247559,0.18943285942077637,0.7469146251678467,85.752,79.92,87.004,6.99921178817749,1.515740156173706,8.03176236152649,3.747313976287842,0.6343457698822021,4.083826780319214,93.35,90.03,93.37,1.3225765228271484,0.4534432888031006,1.2588388919830322,0.7111217975616455,0.1663060188293457,0.6661958694458008,10.13,10.0,10.22,13.723876953125,2.5308895111083984,13.75118637084961,1.6539733409881592,0.2268524169921875,1.6611745357513428
85.404,85.832,85.848,3.859060764312744,1.4833111763000488,3.7460343837738037,1.547835111618042,0.6269090175628662,1.6542549133300781,81.548,79.872,87.104,2.295029878616333,0.9056854248046875,2.282015085220337,0.9484560489654541,0.45530152320861816,0.9618175029754639,80.58,77.45,79.47999999999999,3.604830026626587,0.6286489963531494,3.4057390689849854,1.317939043045044,0.17367148399353027,1.340503215789795,87.376,82.16,87.44800000000001,12.644685506820679,2.7254903316497803,12.422041893005371,6.164108037948608,0.94753098487854,5.8104236125946045,10.23,9.98,10.14,4.608466148376465,0.9183776378631592,4.588508129119873,0.4040684700012207,0.09238004684448242,0.3745412826538086,87.76,84.95,87.97,3.026597499847412,0.5252411365509033,3.1521060466766357,1.4467122554779053,0.19130301475524902,1.4982612133026123,86.04,79.34,85.98,0.7958736419677734,0.3068251609802246,0.7857394218444824,0.3464338779449463,0.061754465103149414,0.34827470779418945,10.02,9.959999999999999,10.0,2.532064199447632,0.9177041053771973,2.522129535675049,0.22735190391540527,0.09044289588928223,0.2261371612548828,79.54,76.75,78.29,2.3576645851135254,0.6277854442596436,1.8335423469543457,0.8491082191467285,0.19362306594848633,0.7216105461120605,10.01,10.03,10.100000000000001,8.873430967330933,2.523491859436035,9.034549474716187,1.018007755279541,0.21784019470214844,1.0915701389312744,84.564,84.408,85.71600000000001,7.357014894485474,3.722520112991333,7.287924766540527,3.816359281539917,1.5675451755523682,3.8432459831237793,84.58,76.84,84.22,0.5302128791809082,0.32186365127563477,0.5223081111907959,0.19683265686035156,0.06800389289855957,0.192641019821167,91.02,90.16,91.08000000000001,0.45498037338256836,0.26556825637817383,0.4645726680755615,0.15804147720336914,0.054224491119384766,0.1671891212463379,75.85,75.59,75.36,0.6178510189056396,0.3050422668457031,0.6318705081939697,0.17517590522766113,0.051511287689208984,0.1776261329650879,75.67,76.25999999999999,78.12,0.9943315982818604,0.30135297775268555,1.0104320049285889,0.32032322883605957,0.0518035888671875,0.31386518478393555,92.53,90.67,92.02,0.6944305896759033,0.2649202346801758,0.6976463794708252,0.2848958969116211,0.05200481414794922,0.2864365577697754,95.28,89.22,94.32000000000001,2.5825998783111572,0.46962833404541016,2.6746766567230225,1.2536914348602295,0.15996026992797852,1.2855591773986816,87.19,84.21,86.92,1.4236931800842285,0.5292503833770752,1.3474609851837158,0.7942535877227783,0.1984710693359375,0.7433567047119141,87.67200000000001,85.452,86.176,7.0961058139801025,1.4659507274627686,8.195953130722046,3.7327992916107178,0.6375491619110107,4.096772909164429,94.39,90.85,93.88,1.307863473892212,0.46219539642333984,1.2541344165802002,0.7264478206634521,0.1585843563079834,0.6650910377502441,10.33,9.98,10.100000000000001,13.737155675888062,2.529263734817505,13.788564443588257,1.635676622390747,0.21387314796447754,1.6092004776000977
85.436,84.976,72.788,3.8487911224365234,1.4714117050170898,2.219609498977661,1.5422966480255127,0.6369838714599609,1.4897425174713135,84.992,81.232,74.112,2.3281242847442627,0.8913612365722656,1.0641417503356934,0.9483561515808105,0.45549750328063965,0.8753266334533691,80.14,77.53,80.43,3.5057241916656494,0.6218681335449219,3.3986074924468994,1.3082921504974365,0.17177486419677734,1.369075059890747,88.604,87.208,79.80000000000001,13.015695571899414,2.3434486389160156,7.919966220855713,6.006895065307617,0.9529767036437988,4.903538465499878,9.89,10.24,10.040000000000001,4.599424600601196,0.9200074672698975,4.612660884857178,0.4066801071166992,0.09949469566345215,0.3786509037017822,87.79,84.57000000000001,88.18,2.9962985515594482,0.51743483543396,3.1428210735321045,1.43526291847229,0.18969154357910156,1.5113019943237305,86.21,78.97,85.77,0.7696945667266846,0.30225038528442383,0.7763094902038574,0.34778809547424316,0.06179046630859375,0.34914302825927734,10.07,9.8,10.01,2.5329906940460205,0.9142971038818359,2.538037061691284,0.21905970573425293,0.09388113021850586,0.2196650505065918,79.67,76.09,78.22,2.2950210571289062,0.6304666996002197,1.8282504081726074,0.8437955379486084,0.19528722763061523,0.7266983985900879,10.12,10.14,10.190000000000001,8.897675037384033,2.537142038345337,9.096806287765503,1.0069804191589355,0.22746038436889648,1.0604932308197021,86.532,85.444,85.488,7.205633163452148,3.9145405292510986,7.295783519744873,3.834503173828125,1.5432915687561035,3.5732028484344482,84.82,78.32000000000001,85.02,0.5214457511901855,0.30840086936950684,0.5171713829040527,0.18305110931396484,0.061730384826660156,0.1964874267578125,89.89,88.91,90.81,0.4478189945220947,0.26251745223999023,0.46570682525634766,0.1568584442138672,0.051842689514160156,0.16930270195007324,78.73,73.83,75.97,0.6215221881866455,0.3047025203704834,0.6174228191375732,0.18317747116088867,0.051527976989746094,0.174332857131958,77.13,77.29,79.46,1.0040216445922852,0.2986478805541992,1.0075745582580566,0.32059693336486816,0.0525360107421875,0.3156445026397705,93.28,90.42,92.36,0.6865561008453369,0.26200032234191895,0.6905832290649414,0.288118839263916,0.059911251068115234,0.29061198234558105,94.91000000000001,92.03,95.09,2.5332062244415283,0.46763157844543457,2.650212287902832,1.2504699230194092,0.1507270336151123,1.2812325954437256,87.61,84.15,87.53,1.4254472255706787,0.5238761901855469,1.3395309448242188,0.7942922115325928,0.19833803176879883,0.7530677318572998,88.252,85.69200000000001,74.668,6.917603492736816,1.4530730247497559,4.5993359088897705,3.727102756500244,0.6344635486602783,3.2632970809936523,93.56,91.10000000000001,94.31,1.3047115802764893,0.46006131172180176,1.2657456398010254,0.7187044620513916,0.16245818138122559,0.662905216217041,10.059999999999999,10.0,10.12,13.853925704956055,2.5291240215301514,13.71467113494873,1.6671175956726074,0.21714520454406738,1.686814308166504
83.604,84.332,72.812,3.7685563564300537,1.454535961151123,2.114919424057007,1.5517525672912598,0.6415953636169434,1.505927324295044,85.844,83.056,74.9,2.2880780696868896,0.8853192329406738,1.0530710220336914,0.9492814540863037,0.4616091251373291,0.8755059242248535,81.06,79.44,80.65,3.4851250648498535,0.6220581531524658,3.3606107234954834,1.3687958717346191,0.1918494701385498,1.369521141052246,87.66000000000001,87.32799999999999,79.50399999999999,12.192188501358032,2.3133788108825684,7.183085203170776,6.070415019989014,0.9520697593688965,4.906072378158569,10.12,10.14,9.98,4.592050075531006,0.9134411811828613,4.604089260101318,0.40351104736328125,0.09075045585632324,0.3821234703063965,88.21,85.45,88.02,2.989208936691284,0.5124967098236084,3.141815423965454,1.4853105545043945,0.18860912322998047,1.4717423915863037,87.02,78.82000000000001,86.05000000000001,0.7645401954650879,0.3032410144805908,0.784430980682373,0.34964466094970703,0.06281566619873047,0.3497047424316406,9.83,9.99,10.18,2.526106834411621,0.9173481464385986,2.526945114135742,0.21793079376220703,0.09119415283203125,0.21914315223693848,79.69000000000001,78.58000000000001,77.69,2.281254529953003,0.6415913105010986,1.7838249206542969,0.8468437194824219,0.18372821807861328,0.718604326248169,10.08,10.2,10.33,8.896844148635864,2.5405895709991455,9.070924997329712,1.0006954669952393,0.238447904586792,1.061941146850586,87.292,86.368,85.004,7.137818098068237,3.7322182655334473,6.3397791385650635,3.8167734146118164,1.5467500686645508,3.6305596828460693,84.50999999999999,77.61,84.76,0.5116229057312012,0.30579042434692383,0.5239579677581787,0.1919717788696289,0.06287884712219238,0.20216584205627441,91.14999999999999,89.97,90.3,0.4587559700012207,0.2691175937652588,0.47012925148010254,0.16193008422851562,0.05210685729980469,0.1557910442352295,77.37,78.02,76.25,0.6134638786315918,0.30431628227233887,0.6114006042480469,0.17763137817382812,0.07264852523803711,0.16962957382202148,76.9,75.58,77.71000000000001,1.0057933330535889,0.3087348937988281,0.9743659496307373,0.3228187561035156,0.05237245559692383,0.3229401111602783,93.23,90.78,93.17,0.6831188201904297,0.27230119705200195,0.6787753105163574,0.2872929573059082,0.058428049087524414,0.28689074516296387,94.73,91.07,94.69999999999999,2.5602216720581055,0.4623570442199707,2.626546621322632,1.2644305229187012,0.15035724639892578,1.2955985069274902,87.61,85.06,86.92999999999999,1.4138202667236328,0.5284037590026855,1.326582431793213,0.8004264831542969,0.20046067237854004,0.7555365562438965,88.428,85.964,79.696,6.778374671936035,1.4408698081970215,4.3983941078186035,3.7381012439727783,0.6390714645385742,3.275766134262085,93.99,93.08,93.92,1.2797183990478516,0.46134400367736816,1.2294812202453613,0.7105154991149902,0.16306519508361816,0.6629180908203125,10.08,10.02,10.16,13.669309854507446,2.5199062824249268,13.701805353164673,1.6617414951324463,0.2257242202758789,1.6325170993804932
85.456,82.124,78.724,3.6568572521209717,1.4524693489074707,2.0936427116394043,1.5651543140411377,0.6413784027099609,1.5085492134094238,86.576,83.164,75.44800000000001,2.273658514022827,0.8765792846679688,1.0427849292755127,0.9376368522644043,0.45595359802246094,0.8678550720214844,79.58,78.13,79.47,3.507188320159912,0.615537166595459,3.3989076614379883,1.339052438735962,0.17041945457458496,1.3412671089172363,85.604,86.388,85.384,12.159423589706421,2.3069992065429688,6.827225685119629,6.040218353271484,0.9502811431884766,4.9146482944488525,10.040000000000001,9.89,10.100000000000001,4.603450536727905,0.9150080680847168,4.591082811355591,0.4041411876678467,0.09716224670410156,0.38011670112609863,88.62,85.38,88.72,2.9780020713806152,0.5143468379974365,3.12711238861084,1.4296698570251465,0.19125604629516602,1.5056242942810059,86.36,79.02,86.61999999999999,0.7769486904144287,0.30681705474853516,0.7739784717559814,0.3476076126098633,0.06192374229431152,0.35263514518737793,10.22,10.059999999999999,10.03,2.5151515007019043,0.9135150909423828,2.531428575515747,0.21169495582580566,0.08962202072143555,0.2244424819946289,79.94,79.22,79.5,2.3386220932006836,0.6253716945648193,1.7979021072387695,0.8590819835662842,0.1911334991455078,0.7390351295471191,9.99,10.05,10.100000000000001,8.898630619049072,2.536529541015625,9.103936195373535,1.0010483264923096,0.22011017799377441,1.0690958499908447,88.21600000000001,86.548,85.312,7.0073325634002686,3.7569875717163086,5.813781261444092,3.883756399154663,1.5622718334197998,3.61004900932312,84.17999999999999,78.81,84.75,0.5127263069152832,0.30811333656311035,0.5195245742797852,0.2005748748779297,0.061952829360961914,0.2025136947631836,91.59,90.29,91.55,0.46154117584228516,0.26055908203125,0.45116329193115234,0.15863728523254395,0.05223870277404785,0.16542935371398926,77.18,75.39,77.02,0.5975759029388428,0.30371856689453125,0.6117684841156006,0.17299103736877441,0.05196356773376465,0.1696019172668457,77.10000000000001,75.76,80.36,0.9924218654632568,0.30353260040283203,0.9988594055175781,0.32110142707824707,0.05212831497192383,0.3255481719970703,92.66,89.23,92.75,0.6789016723632812,0.2709190845489502,0.6867325305938721,0.2839500904083252,0.052985429763793945,0.29607677459716797,94.97,90.9,94.86,2.538851499557495,0.4538576602935791,2.622596263885498,1.26639986038208,0.14728927612304688,1.2989606857299805,87.39,84.85000000000001,87.28,1.409271240234375,0.5170125961303711,1.3105463981628418,0.8049123287200928,0.19727277755737305,0.7644085884094238,88.248,85.10799999999999,74.836,6.723181962966919,1.4272856712341309,4.308619737625122,3.7723889350891113,0.6314525604248047,3.305981159210205,94.55,90.36,93.62,1.2782411575317383,0.4546787738800049,1.2137243747711182,0.7026479244232178,0.16366004943847656,0.6680727005004883,10.08,9.969999999999999,10.14,13.635894536972046,2.5408523082733154,13.864431142807007,1.6182239055633545,0.22324705123901367,1.6180500984191895
84.11999999999999,84.184,80.53200000000001,3.578887939453125,1.471860647201538,2.0312719345092773,1.5756583213806152,0.6329278945922852,1.5086758136749268,86.664,83.988,75.2,2.165217399597168,0.8824541568756104,1.0412487983703613,0.9506173133850098,0.4540293216705322,0.884857177734375,79.75,77.8,81.28,3.5141711235046387,0.6144664287567139,3.38930344581604,1.3493375778198242,0.1766197681427002,1.3664846420288086,84.652,82.232,85.748,12.362821817398071,2.199366569519043,6.509021997451782,6.070401906967163,0.9508419036865234,4.89318585395813,9.98,9.9,10.17,4.593623638153076,0.9597091674804688,4.591635704040527,0.4099547863006592,0.09999227523803711,0.37524986267089844,88.67,84.11999999999999,88.78,2.97757887840271,0.5165438652038574,3.101372718811035,1.4820373058319092,0.18662357330322266,1.4688901901245117,86.3,78.81,86.72,0.7506489753723145,0.2994832992553711,0.7596170902252197,0.33957910537719727,0.06180071830749512,0.3515317440032959,10.190000000000001,9.9,10.059999999999999,2.52272629737854,0.9137129783630371,2.5339839458465576,0.22414541244506836,0.09253239631652832,0.21997666358947754,79.03999999999999,78.69,79.63,2.2869317531585693,0.6176576614379883,1.810196876525879,0.864403486251831,0.18146777153015137,0.7240686416625977,10.02,10.22,10.11,8.898332834243774,2.5482101440429688,9.080836057662964,1.0039985179901123,0.22762417793273926,1.051485538482666,88.424,82.372,84.712,6.9472880363464355,3.6663095951080322,5.589264392852783,3.8439905643463135,1.5451271533966064,3.6153244972229004,84.2,77.72,84.02,0.5097148418426514,0.30356645584106445,0.5196719169616699,0.18505287170410156,0.06200814247131348,0.19523930549621582,91.85,90.75,91.67,0.4502854347229004,0.2724151611328125,0.44792842864990234,0.15651917457580566,0.05105018615722656,0.15393972396850586,78.45,75.44,76.28,0.6142697334289551,0.30074119567871094,0.6086311340332031,0.17640924453735352,0.05728435516357422,0.1685492992401123,78.94,77.68,77.4,0.9942889213562012,0.3013155460357666,0.9668219089508057,0.3168935775756836,0.05247950553894043,0.3174448013305664,93.14,90.35,93.13,0.6882116794586182,0.26273274421691895,0.6681160926818848,0.2835245132446289,0.05909371376037598,0.2883477210998535,94.69999999999999,90.82000000000001,95.17,2.5318593978881836,0.4460783004760742,2.6309990882873535,1.2532598972320557,0.15605568885803223,1.3057887554168701,87.94,86.06,87.58,1.397174596786499,0.5159311294555664,1.3029422760009766,0.8055367469787598,0.1925497055053711,0.7603785991668701,88.256,85.94000000000001,81.56400000000001,6.62040901184082,1.4191665649414062,4.206974983215332,3.76117205619812,0.6355314254760742,3.2701094150543213,94.89,91.67999999999999,94.15,1.2864415645599365,0.45552825927734375,1.2206709384918213,0.7052531242370605,0.17542147636413574,0.6555659770965576,10.209999999999999,9.99,10.100000000000001,13.768609523773193,2.5213418006896973,13.808799505233765,1.631432294845581,0.22000336647033691,1.6299793720245361
85.96000000000001,85.74000000000001,79.61200000000001,3.466259717941284,1.4274976253509521,2.0021915435791016,1.580601692199707,0.6359689235687256,1.5007870197296143,84.568,83.444,72.884,2.2252352237701416,0.8748564720153809,1.0338237285614014,0.947120189666748,0.4532508850097656,0.8732867240905762,78.64999999999999,74.91,79.63,3.475909471511841,0.6243605613708496,3.3230743408203125,1.3394193649291992,0.1812903881072998,1.3478477001190186,85.916,86.912,84.488,12.260549545288086,2.2323262691497803,6.39460825920105,6.12773060798645,0.9553208351135254,4.876363277435303,10.100000000000001,9.87,10.209999999999999,4.58577823638916,0.9141972064971924,4.615082025527954,0.399716854095459,0.09563517570495605,0.38391804695129395,88.5,85.54,88.42,2.971557140350342,0.5152509212493896,3.0957446098327637,1.4561731815338135,0.1884472370147705,1.4796597957611084,86.19,79.21000000000001,86.46000000000001,0.744220495223999,0.2983889579772949,0.7626142501831055,0.3456730842590332,0.06590938568115234,0.35074758529663086,10.13,9.78,10.25,2.513016700744629,0.9158923625946045,2.5409445762634277,0.21527886390686035,0.09128761291503906,0.2171316146850586,77.9,76.92999999999999,78.88,2.3119373321533203,0.6228458881378174,1.7963321208953857,0.8528728485107422,0.17930221557617188,0.7259335517883301,10.26,10.040000000000001,10.03,8.934354305267334,2.5280892848968506,9.056296825408936,1.0041708946228027,0.22638201713562012,1.059985876083374,88.40400000000001,86.496,84.436,6.811080455780029,3.615015745162964,5.505955457687378,3.8396010398864746,1.5491154193878174,3.6344361305236816,84.96000000000001,79.14999999999999,84.78999999999999,0.4988412857055664,0.30120229721069336,0.5182101726531982,0.19270586967468262,0.06327939033508301,0.19515395164489746,90.89,90.25999999999999,91.3,0.4456355571746826,0.2634902000427246,0.4565310478210449,0.15787315368652344,0.05216073989868164,0.16483259201049805,75.63,73.89,75.02,0.6065795421600342,0.3151881694793701,0.6091842651367188,0.18172097206115723,0.051545143127441406,0.17729949951171875,77.53,77.4,79.52,0.9844520092010498,0.30571746826171875,0.9829792976379395,0.317521333694458,0.052832841873168945,0.31809520721435547,92.47,89.42,92.31,0.6636879444122314,0.2612643241882324,0.6696944236755371,0.3008456230163574,0.059601783752441406,0.2903711795806885,95.23,90.07,94.32000000000001,2.5281565189361572,0.4589812755584717,2.6121275424957275,1.2662012577056885,0.1483910083770752,1.2830793857574463,87.19,84.85000000000001,87.55,1.377725601196289,0.5154075622558594,1.3002924919128418,0.7926182746887207,0.1974351406097412,0.7629590034484863,88.548,86.288,82.828,6.408957242965698,1.4284138679504395,4.142583131790161,3.801410436630249,0.6334784030914307,3.2847418785095215,94.8,91.77,94.53,1.2593042850494385,0.45291566848754883,1.1952555179595947,0.7095510959625244,0.16173005104064941,0.6687626838684082,10.22,10.11,9.9,13.792265892028809,2.5264878273010254,13.787423849105835,1.7012808322906494,0.22116303443908691,1.6124773025512695
85.82,84.16,80.536,3.4434080123901367,1.4078350067138672,1.982069730758667,1.589193344116211,0.6308043003082275,1.504276990890503,84.332,83.67999999999999,74.736,2.1304702758789062,0.8529114723205566,1.0265984535217285,0.941521406173706,0.4523122310638428,0.8857302665710449,81.46,78.05,81.67,3.470698118209839,0.6151142120361328,3.382768154144287,1.3268711566925049,0.18007373809814453,1.3522160053253174,87.268,87.236,85.064,12.211002111434937,2.2197635173797607,6.377773761749268,6.129356384277344,0.9436323642730713,4.937592267990112,10.02,9.84,10.13,4.602386474609375,0.9152488708496094,4.591174602508545,0.400348424911499,0.09919238090515137,0.3814201354980469,88.75,85.22999999999999,88.63,2.9461331367492676,0.5069310665130615,3.088183879852295,1.4566271305084229,0.19478940963745117,1.4832825660705566,86.97,79.69000000000001,86.33,0.7265148162841797,0.30116987228393555,0.7444918155670166,0.34472060203552246,0.06091880798339844,0.3495330810546875,10.08,10.100000000000001,10.190000000000001,2.5267608165740967,0.9125716686248779,2.534085750579834,0.22462797164916992,0.0914926528930664,0.21399426460266113,79.55,78.12,77.03999999999999,2.271770477294922,0.6199512481689453,1.7719581127166748,0.8565495014190674,0.17675471305847168,0.7323923110961914,10.08,10.209999999999999,10.07,8.902036190032959,2.527909994125366,9.076579570770264,1.001462697982788,0.22993111610412598,1.0541274547576904,88.456,87.28,85.444,6.619696855545044,3.5078535079956055,5.385417699813843,3.8535361289978027,1.5602202415466309,3.6129705905914307,85.19,78.66,84.78999999999999,0.4985682964324951,0.3016533851623535,0.5045192241668701,0.19869327545166016,0.06193685531616211,0.1944293975830078,90.25,89.41,92.04,0.4483003616333008,0.26443910598754883,0.45284533500671387,0.15798425674438477,0.05256795883178711,0.16974902153015137,76.53999999999999,77.98,74.4,0.6018233299255371,0.3023567199707031,0.610245943069458,0.17514777183532715,0.051458120346069336,0.17435145378112793,79.03,77.07000000000001,75.42,0.9929018020629883,0.3041954040527344,0.9720480442047119,0.3129844665527344,0.05246257781982422,0.32065653800964355,92.07,88.79,93.17999999999999,0.6819493770599365,0.2635324001312256,0.6630094051361084,0.293048620223999,0.05933666229248047,0.2840430736541748,95.38,91.77,95.22,2.4891467094421387,0.4591715335845947,2.6000189781188965,1.2569289207458496,0.15238285064697266,1.2911922931671143,87.22999999999999,84.95,87.8,1.3692748546600342,0.5147643089294434,1.3075737953186035,0.7950968742370605,0.20069408416748047,0.758859395980835,88.512,84.856,81.22,6.366875648498535,1.390354871749878,4.074955940246582,3.805741310119629,0.6297059059143066,3.29211688041687,94.95,90.58,94.94,1.2623019218444824,0.45276403427124023,1.197718620300293,0.7068469524383545,0.17011332511901855,0.674182653427124,10.05,10.07,10.190000000000001,13.830496788024902,2.5307321548461914,13.689404249191284,1.6508088111877441,0.2231464385986328,1.6117534637451172
87.452,84.416,79.404,3.4426045417785645,1.3890647888183594,1.9695723056793213,1.5923752784729004,0.6335294246673584,1.5173332691192627,86.08,84.316,73.34,2.126626491546631,0.8614695072174072,1.0261826515197754,0.9419713020324707,0.4559030532836914,0.8744254112243652,78.57,76.68,79.94,3.428825616836548,0.6099252700805664,3.3612301349639893,1.3438177108764648,0.17649197578430176,1.3347651958465576,88.568,87.112,84.468,12.087599754333496,2.177232027053833,6.301272392272949,6.266230821609497,0.9497456550598145,4.954355955123901,10.08,10.040000000000001,10.12,4.600837707519531,0.9174284934997559,4.583458423614502,0.408627986907959,0.09927940368652344,0.378129243850708,88.26,85.95,88.03,2.952733278274536,0.5005080699920654,3.0887153148651123,1.455327033996582,0.17990374565124512,1.4696462154388428,86.86,80.06,85.99,0.7301697731018066,0.31121349334716797,0.7416508197784424,0.3452003002166748,0.06158638000488281,0.35427212715148926,10.14,10.18,10.18,2.519299268722534,0.915630578994751,2.524571657180786,0.22014331817626953,0.08998584747314453,0.21886897087097168,79.12,78.06,79.58,2.2454845905303955,0.6074337959289551,1.7357549667358398,0.8458716869354248,0.17980194091796875,0.7289161682128906,10.190000000000001,9.969999999999999,9.98,8.928193092346191,2.535454511642456,9.06024980545044,1.002805233001709,0.21464753150939941,1.0630285739898682,88.30799999999999,87.89200000000001,85.724,6.611236810684204,3.470686197280884,5.286418676376343,3.926722526550293,1.5739388465881348,3.6436233520507812,84.76,79.5,85.48,0.4844331741333008,0.29685258865356445,0.4993772506713867,0.19374847412109375,0.061702728271484375,0.1914386749267578,90.10000000000001,90.86999999999999,91.55,0.43231868743896484,0.2672088146209717,0.4597020149230957,0.15723228454589844,0.05313444137573242,0.16156935691833496,76.99000000000001,76.72,74.8,0.6055169105529785,0.3034970760345459,0.6257514953613281,0.17575430870056152,0.06366348266601562,0.1726515293121338,77.31,77.60000000000001,79.81,0.9897594451904297,0.30121278762817383,0.9842479228973389,0.32380056381225586,0.05199837684631348,0.31270456314086914,93.11,89.95,91.99000000000001,0.6598789691925049,0.26317739486694336,0.6733052730560303,0.29437756538391113,0.058351755142211914,0.2767918109893799,95.53,91.53,94.82000000000001,2.491872787475586,0.4533967971801758,2.577359914779663,1.2567298412322998,0.15667438507080078,1.31315279006958,87.92999999999999,85.21,87.53999999999999,1.3545289039611816,0.5102293491363525,1.2612805366516113,0.7940049171447754,0.20125412940979004,0.7540850639343262,88.48,86.336,82.184,6.389162540435791,1.3929665088653564,4.058932781219482,3.8118231296539307,0.6337988376617432,3.28783917427063,94.0,91.89,94.77,1.2731928825378418,0.4380152225494385,1.205885410308838,0.7078182697296143,0.17099571228027344,0.669677734375,10.34,10.040000000000001,10.02,13.740662813186646,2.5203959941864014,13.652981042861938,1.6587591171264648,0.2146303653717041,1.6166586875915527
87.164,84.36399999999999,80.152,3.4527220726013184,1.3845484256744385,1.959700107574463,1.58742094039917,0.6375315189361572,1.5070133209228516,86.752,84.14399999999999,74.024,2.133981227874756,0.8573887348175049,1.0114765167236328,0.9378676414489746,0.4516007900238037,0.8695249557495117,81.39,75.81,78.74,3.4966964721679688,0.6370227336883545,3.3068606853485107,1.3499703407287598,0.1771996021270752,1.3572585582733154,88.14,87.432,84.48400000000001,11.96375560760498,2.198542594909668,6.19898247718811,6.122631549835205,0.9599857330322266,4.926410913467407,9.950000000000001,10.15,10.0,4.610083103179932,0.912837028503418,4.58885931968689,0.40563464164733887,0.09429621696472168,0.37837672233581543,88.53999999999999,85.63,88.38000000000001,2.9287614822387695,0.5055680274963379,3.084529161453247,1.468862771987915,0.18384766578674316,1.4831676483154297,86.75,79.17,86.65,0.7267327308654785,0.2966320514678955,0.7305874824523926,0.3382561206817627,0.06190633773803711,0.3408472537994385,10.17,10.17,9.879999999999999,2.519002676010132,0.9122464656829834,2.529752254486084,0.21306991577148438,0.09911394119262695,0.22014260292053223,80.5,78.01,80.54,2.2892849445343018,0.6023218631744385,1.7288928031921387,0.8654842376708984,0.18206787109375,0.7231845855712891,10.22,10.08,10.13,8.892005443572998,2.544421911239624,9.13494610786438,0.9901094436645508,0.22074532508850098,1.0606369972229004,87.92,87.628,85.776,6.561993837356567,3.433955192565918,5.292342185974121,3.900681257247925,1.560591220855713,3.6246979236602783,85.09,79.7,85.08,0.49390196800231934,0.2967348098754883,0.4994950294494629,0.1875472068786621,0.0617830753326416,0.20689105987548828,91.56,91.08000000000001,91.36999999999999,0.44725656509399414,0.262251615524292,0.451524019241333,0.15905308723449707,0.0516202449798584,0.16207408905029297,75.22,76.75999999999999,75.78,0.6025230884552002,0.3003396987915039,0.6020193099975586,0.19150543212890625,0.0522923469543457,0.170515775680542,79.35,77.66999999999999,79.63,0.967151403427124,0.30072903633117676,1.0511412620544434,0.3178367614746094,0.05067563056945801,0.324021577835083,93.35,91.69,93.35,0.6517701148986816,0.2612307071685791,0.6711258888244629,0.29351234436035156,0.05300760269165039,0.29068517684936523,95.25,92.29,95.17999999999999,2.503737211227417,0.45120787620544434,2.613508701324463,1.2605617046356201,0.1579580307006836,1.300776481628418,87.86,84.86,88.0,1.3533430099487305,0.5001540184020996,1.2731757164001465,0.8016588687896729,0.19704437255859375,0.7566559314727783,88.024,86.748,82.152,6.312377691268921,1.6515963077545166,4.005666732788086,3.7938575744628906,0.627138614654541,3.329033136367798,94.23,90.86,94.1,1.2667882442474365,0.44255542755126953,1.1837272644042969,0.713674783706665,0.157515287399292,0.6661529541015625,10.13,9.99,10.040000000000001,13.724615335464478,2.5383360385894775,13.68093204498291,1.616133689880371,0.22518444061279297,1.6927051544189453
87.28,81.94399999999999,80.53200000000001,3.3802905082702637,1.422358751296997,1.9527630805969238,1.5793309211730957,0.6244747638702393,1.508056640625,85.148,83.50800000000001,74.58,2.146821975708008,0.8477368354797363,1.0047616958618164,0.9393894672393799,0.454571008682251,0.8616847991943359,79.89,74.83999999999999,80.58,3.4443867206573486,0.6132550239562988,3.3163814544677734,1.3464076519012451,0.17775630950927734,1.3380804061889648,88.428,87.512,84.172,11.843989133834839,2.1590123176574707,6.148087024688721,6.266603946685791,0.9474663734436035,4.917345762252808,9.92,9.93,10.190000000000001,4.59289813041687,0.9171502590179443,4.606238603591919,0.3969860076904297,0.10161495208740234,0.38034844398498535,88.92,85.15,88.79,2.93289852142334,0.4951314926147461,3.0722222328186035,1.446868658065796,0.19382691383361816,1.4772095680236816,86.52,78.97,86.57000000000001,0.7365932464599609,0.2956399917602539,0.7178258895874023,0.3489570617675781,0.06528425216674805,0.35228490829467773,10.03,10.24,10.03,2.522587537765503,0.9103927612304688,2.539916515350342,0.22527408599853516,0.09637975692749023,0.2211456298828125,79.89,78.03999999999999,78.47,2.2949838638305664,0.6005821228027344,1.7629802227020264,0.8877756595611572,0.17892074584960938,0.7158093452453613,9.98,10.209999999999999,10.34,8.917914390563965,2.5259616374969482,9.017370700836182,0.9963696002960205,0.22139835357666016,1.087174892425537,87.068,87.516,86.288,6.406946897506714,3.4232614040374756,5.198685646057129,3.8995273113250732,1.560596227645874,3.6718578338623047,85.13,80.36,85.08,0.48886847496032715,0.30242180824279785,0.49727678298950195,0.19882893562316895,0.06173419952392578,0.19919943809509277,91.31,89.98,91.47999999999999,0.4591639041900635,0.2638094425201416,0.44222140312194824,0.15751004219055176,0.05197858810424805,0.15620088577270508,78.13,76.18,78.3,0.6104640960693359,0.2993457317352295,0.6089489459991455,0.1790330410003662,0.06201481819152832,0.17131948471069336,76.44,77.2,77.55,0.9807629585266113,0.30196380615234375,0.974776029586792,0.32102489471435547,0.051648616790771484,0.31792235374450684,93.52000000000001,90.45,93.55,0.6678116321563721,0.2601509094238281,0.6617729663848877,0.28537440299987793,0.051848411560058594,0.2931215763092041,94.85,91.63,95.74000000000001,2.497162342071533,0.46217894554138184,2.600257396697998,1.262209415435791,0.15445327758789062,1.2952699661254883,88.11,85.63,87.88,1.339508295059204,0.49477624893188477,1.2497930526733398,0.8058164119720459,0.19755959510803223,0.7704980373382568,88.264,85.044,79.464,6.331895589828491,1.3572869300842285,3.9897611141204834,3.7794981002807617,0.6272749900817871,3.2721903324127197,94.43,92.11,94.16,1.2443211078643799,0.44398927688598633,1.1928648948669434,0.715057373046875,0.16454148292541504,0.6654801368713379,10.059999999999999,10.190000000000001,10.36,13.83198356628418,2.539031982421875,13.727959632873535,1.6387426853179932,0.2225353717803955,1.6120190620422363
86.148,85.244,80.632,3.325075149536133,1.3490428924560547,1.949683427810669,1.5651466846466064,0.6341140270233154,1.5142359733581543,86.98,82.32000000000001,74.82799999999999,2.0625555515289307,0.8511326313018799,1.0102620124816895,0.9386775493621826,0.4541289806365967,0.86667799949646,80.95,77.91,81.51,3.46694016456604,0.5997204780578613,3.295949935913086,1.33665132522583,0.1792600154876709,1.349379301071167,87.684,87.52799999999999,86.256,11.777809381484985,2.0986526012420654,6.15660548210144,6.258253812789917,0.9541516304016113,4.8784778118133545,9.87,10.14,10.11,4.60632061958313,0.9124035835266113,4.601258754730225,0.40766239166259766,0.09767699241638184,0.375507116317749,88.94999999999999,85.52,88.44,2.937736749649048,0.4933137893676758,3.0491673946380615,1.4578819274902344,0.19092965126037598,1.482189655303955,87.38,79.62,86.86,0.7238030433654785,0.2982349395751953,0.7235991954803467,0.34763479232788086,0.061898231506347656,0.35160207748413086,10.13,9.92,9.959999999999999,2.520681858062744,0.9185168743133545,2.527846574783325,0.2199246883392334,0.10043501853942871,0.2241063117980957,81.71000000000001,74.33999999999999,78.36999999999999,2.2673816680908203,0.6226904392242432,1.754883050918579,0.8484487533569336,0.17632603645324707,0.7195408344268799,10.05,10.08,10.17,8.939451456069946,2.5226521492004395,9.071966409683228,0.9995715618133545,0.221832275390625,1.0596644878387451,88.092,87.436,84.492,6.51223087310791,3.4143049716949463,5.2283501625061035,3.9609782695770264,1.529017448425293,3.622440814971924,85.59,78.63,85.49,0.49247217178344727,0.3045942783355713,0.4903590679168701,0.19376707077026367,0.06186175346374512,0.1982100009918213,92.16,90.36,90.22,0.4442484378814697,0.261338472366333,0.4500691890716553,0.16158056259155273,0.05208468437194824,0.1679079532623291,77.21000000000001,75.0,78.2,0.6204438209533691,0.2974567413330078,0.5957107543945312,0.1820535659790039,0.053202152252197266,0.16668987274169922,77.69,76.42,77.69,0.9764719009399414,0.3063011169433594,0.9393270015716553,0.3139829635620117,0.05263781547546387,0.3210465908050537,93.96,89.19,93.28999999999999,0.6711819171905518,0.26387572288513184,0.6661744117736816,0.28914594650268555,0.0529940128326416,0.2932929992675781,94.94,90.5,94.73,2.484142541885376,0.44747185707092285,2.59261417388916,1.2801225185394287,0.15913724899291992,1.3076863288879395,88.03,85.65,88.25,1.3507962226867676,0.49631476402282715,1.2546241283416748,0.7983555793762207,0.19072508811950684,0.7659664154052734,88.788,84.91199999999999,82.472,6.22431206703186,1.365600347518921,4.010684490203857,3.826784133911133,0.6293158531188965,3.2838220596313477,94.84,92.25,94.57,1.262204647064209,0.45372724533081055,1.1903321743011475,0.7108302116394043,0.1600475311279297,0.6689460277557373,10.43,10.01,10.24,13.733174324035645,2.52321720123291,13.723664045333862,1.651862382888794,0.2254343032836914,1.6359591484069824
87.412,85.98,79.996,3.345550060272217,1.3725485801696777,1.9399950504302979,1.5702645778656006,0.6285667419433594,1.5077083110809326,86.83999999999999,83.652,74.684,2.0402050018310547,0.852576732635498,1.0116996765136719,0.9437398910522461,0.4513518810272217,0.8604228496551514,80.10000000000001,78.52,81.33,3.463012218475342,0.6148512363433838,3.2878003120422363,1.335890769958496,0.171905517578125,1.359297275543213,88.728,87.17200000000001,84.452,11.52901005744934,2.115463972091675,6.02904486656189,6.232311010360718,0.9419972896575928,4.886312484741211,9.93,9.879999999999999,10.18,4.605891466140747,0.9153599739074707,4.571784496307373,0.40898871421813965,0.09590363502502441,0.3882181644439697,88.77000000000001,85.61,88.03999999999999,2.9298603534698486,0.48551177978515625,3.0407016277313232,1.485778570175171,0.1892533302307129,1.5121793746948242,87.09,80.04,86.82,0.7252860069274902,0.2931528091430664,0.7174859046936035,0.3551671504974365,0.061728477478027344,0.3485393524169922,10.08,9.82,10.23,2.5202858448028564,0.9146692752838135,2.524737596511841,0.21254563331604004,0.0925602912902832,0.21826624870300293,81.58,75.38,79.58,2.2416625022888184,0.6021478176116943,1.7050817012786865,0.8657886981964111,0.1814582347869873,0.723940372467041,10.13,10.040000000000001,10.23,8.849281549453735,2.5336506366729736,9.070582866668701,0.9977548122406006,0.2342689037322998,1.065793514251709,87.056,85.48400000000001,85.48400000000001,6.834792137145996,3.4502437114715576,5.114681959152222,3.8967931270599365,1.5294601917266846,3.6205968856811523,85.8,79.5,85.27,0.4875762462615967,0.30881190299987793,0.48810625076293945,0.19280624389648438,0.061798810958862305,0.19161248207092285,92.97,90.36,91.7,0.44644904136657715,0.2588646411895752,0.4486415386199951,0.16411566734313965,0.0530552864074707,0.15380287170410156,75.11,76.3,76.36,0.6081550121307373,0.3173346519470215,0.6117675304412842,0.17121267318725586,0.05321097373962402,0.17298293113708496,77.47,78.24,80.05,0.964564323425293,0.3066880702972412,0.9336957931518555,0.3236668109893799,0.052825927734375,0.31863951683044434,93.91000000000001,91.07,93.22,0.6610062122344971,0.26140832901000977,0.6643581390380859,0.29536986351013184,0.05217576026916504,0.2916429042816162,94.72,90.75,95.09,2.491947889328003,0.44471001625061035,2.583110809326172,1.27071213722229,0.15317559242248535,1.2963957786560059,88.55,85.71,88.13,1.3531241416931152,0.49485301971435547,1.2461559772491455,0.8038218021392822,0.1930983066558838,0.7648670673370361,87.688,86.344,82.872,6.0389158725738525,1.3570911884307861,3.9737255573272705,3.7876482009887695,0.6296136379241943,3.326342821121216,94.88,91.39,94.14,1.2690703868865967,0.43897199630737305,1.1923668384552002,0.7126412391662598,0.15738320350646973,0.6733450889587402,9.99,9.959999999999999,10.059999999999999,13.699586629867554,2.5320982933044434,13.680921792984009,1.6274256706237793,0.2252206802368164,1.5978727340698242
87.32,86.26,78.25999999999999,3.250507116317749,1.3258204460144043,1.9278652667999268,1.5747795104980469,0.6321909427642822,1.505523443222046,86.996,84.61999999999999,74.824,2.0657544136047363,0.8477869033813477,1.0123422145843506,0.936413049697876,0.4536912441253662,0.8679649829864502,80.5,76.42999999999999,78.45,3.431380033493042,0.6180129051208496,3.2752349376678467,1.338085412979126,0.17857575416564941,1.3316833972930908,88.276,86.16,82.27600000000001,11.268467426300049,2.1421103477478027,6.1163506507873535,6.221140623092651,0.9394619464874268,4.920715093612671,10.16,9.77,10.12,4.617023706436157,0.9112980365753174,4.587623119354248,0.3978862762451172,0.08972501754760742,0.3744242191314697,88.69,85.66,88.91,2.9340717792510986,0.4789707660675049,3.0374274253845215,1.4542603492736816,0.18088722229003906,1.4931745529174805,86.81,79.52,86.59,0.7150406837463379,0.2981109619140625,0.7117183208465576,0.34254956245422363,0.06102466583251953,0.35301685333251953,9.9,10.0,10.05,2.5276472568511963,0.9171106815338135,2.5431716442108154,0.22325658798217773,0.09168171882629395,0.228712797164917,80.12,76.78,79.08,2.2176451683044434,0.6144692897796631,1.692807912826538,0.8477611541748047,0.17915129661560059,0.7177770137786865,9.91,9.94,9.969999999999999,8.888487100601196,2.5395119190216064,9.094340085983276,0.988867998123169,0.2231912612915039,1.0874125957489014,86.476,87.288,85.292,6.560792684555054,3.4107236862182617,5.139472723007202,3.8936362266540527,1.5529985427856445,3.6147871017456055,85.65,78.93,85.79,0.47557497024536133,0.29944872856140137,0.49209117889404297,0.1864147186279297,0.06113290786743164,0.19593477249145508,92.61,87.98,90.25999999999999,0.43917346000671387,0.26386356353759766,0.45212626457214355,0.15781831741333008,0.05209493637084961,0.17697358131408691,79.51,75.41,78.28,0.6131577491760254,0.30593156814575195,0.604001522064209,0.1762242317199707,0.06909394264221191,0.17494869232177734,78.09,78.02,79.23,0.955967903137207,0.3043193817138672,0.9531795978546143,0.3177669048309326,0.05277132987976074,0.3082578182220459,91.89,90.62,94.02000000000001,0.6531643867492676,0.26152992248535156,0.6536440849304199,0.29059553146362305,0.052680015563964844,0.2978792190551758,95.07,92.67,95.19999999999999,2.4521961212158203,0.4575841426849365,2.582458019256592,1.2589619159698486,0.16115498542785645,1.2883636951446533,87.9,85.77,88.46000000000001,1.3564534187316895,0.5001146793365479,1.2373852729797363,0.8070559501647949,0.19715595245361328,0.7520289421081543,88.096,85.79599999999999,81.396,6.088834762573242,1.339632272720337,3.953922748565674,3.847235679626465,0.6264700889587402,3.3529856204986572,94.67,92.01,94.71000000000001,1.2533323764801025,0.4550056457519531,1.1833388805389404,0.705864429473877,0.15960216522216797,0.6739428043365479,10.33,10.100000000000001,10.15,13.792870998382568,2.521749496459961,13.701331853866577,1.6359896659851074,0.23261356353759766,1.680434226989746
84.884,86.144,78.728,3.3085474967956543,1.3510687351226807,1.9294495582580566,1.5639033317565918,0.6304397583007812,1.509878396987915,85.60799999999999,84.776,75.64,2.088667392730713,0.8322279453277588,1.0046744346618652,0.9350094795227051,0.45250821113586426,0.8719363212585449,81.07,77.98,80.64,3.3988609313964844,0.6188287734985352,3.2596137523651123,1.3578827381134033,0.17218995094299316,1.3598008155822754,88.864,85.844,83.12,11.174156904220581,2.1299843788146973,6.11377215385437,6.252212285995483,0.9288830757141113,4.942911863327026,10.03,10.08,10.2,4.597566843032837,0.9159395694732666,4.58050012588501,0.3991551399230957,0.09030580520629883,0.3768503665924072,89.3,85.92,88.81,2.924734592437744,0.4788029193878174,3.0411734580993652,1.5198204517364502,0.18173480033874512,1.5082828998565674,86.5,79.31,86.91,0.7143669128417969,0.3094756603240967,0.7138309478759766,0.34707164764404297,0.06139254570007324,0.3636300563812256,10.07,10.16,10.08,2.510514736175537,0.9174292087554932,2.529977560043335,0.2183973789215088,0.09441280364990234,0.2180478572845459,79.59,76.58,78.82000000000001,2.2247722148895264,0.5988178253173828,1.7344090938568115,0.8589189052581787,0.18889427185058594,0.7239253520965576,10.02,10.209999999999999,10.2,8.872377395629883,2.525346279144287,9.038856744766235,0.9595341682434082,0.2251729965209961,1.0513665676116943,86.48400000000001,86.924,85.956,6.5268449783325195,3.396956443786621,4.969306468963623,3.8553524017333984,1.5542538166046143,3.6258902549743652,85.64,78.86,85.47,0.47870779037475586,0.29917478561401367,0.4818236827850342,0.19308066368103027,0.0674281120300293,0.19092702865600586,92.75999999999999,89.39,90.4,0.44080591201782227,0.2741050720214844,0.44295620918273926,0.15634989738464355,0.05297350883483887,0.16193079948425293,78.69,78.25999999999999,74.81,0.5937314033508301,0.2986488342285156,0.6007349491119385,0.18294095993041992,0.05237913131713867,0.16715383529663086,77.47,78.36,79.54,0.9747765064239502,0.30255579948425293,0.9573922157287598,0.319354772567749,0.05271482467651367,0.31871747970581055,91.32000000000001,90.57,93.51,0.6565642356872559,0.2591242790222168,0.6535811424255371,0.2903566360473633,0.056348562240600586,0.28871703147888184,95.05,92.13,95.45,2.4459240436553955,0.45507287979125977,2.588956117630005,1.2731153964996338,0.15705204010009766,1.3249590396881104,88.83,86.14,88.25,1.289771556854248,0.4818534851074219,1.2402851581573486,0.7612218856811523,0.1967308521270752,0.7714438438415527,88.332,86.392,82.41199999999999,6.288576364517212,1.354334831237793,3.939544439315796,3.7889440059661865,0.6229591369628906,3.279029369354248,94.97,92.86,94.84,1.2575170993804932,0.43780016899108887,1.174753189086914,0.7003557682037354,0.16213274002075195,0.6695802211761475,10.15,9.82,10.14,13.722975015640259,2.5388736724853516,13.680802345275879,1.6313583850860596,0.22262096405029297,1.6224017143249512
86.832,86.648,80.584,3.2496337890625,1.341904878616333,1.932554006576538,1.5855677127838135,0.6318283081054688,1.5120766162872314,85.98,84.532,76.196,2.0963516235351562,0.8463318347930908,1.0214335918426514,0.9400937557220459,0.45580363273620605,0.8731107711791992,81.69999999999999,79.55,82.56,3.3962912559509277,0.625103235244751,3.2496321201324463,1.3469741344451904,0.17901253700256348,1.3430979251861572,88.548,84.732,82.196,10.817299365997314,2.126661777496338,6.0599634647369385,6.212889194488525,0.9309260845184326,4.911109447479248,10.059999999999999,10.09,9.93,4.608680248260498,0.9121482372283936,4.578503847122192,0.4041318893432617,0.0898129940032959,0.37264347076416016,88.27000000000001,85.42999999999999,88.42,2.917747735977173,0.46860671043395996,3.0476913452148438,1.5091447830200195,0.1918506622314453,1.5418570041656494,87.42,79.54,86.92999999999999,0.7033278942108154,0.2936859130859375,0.70456862449646,0.34578418731689453,0.06167173385620117,0.3578648567199707,10.059999999999999,10.15,9.94,2.5272281169891357,0.9155817031860352,2.5418450832366943,0.21582722663879395,0.08952856063842773,0.2304234504699707,80.12,77.31,79.54,2.2440602779388428,0.5976300239562988,1.6928222179412842,0.8782508373260498,0.17504358291625977,0.7256326675415039,10.02,10.03,10.27,8.844810009002686,2.533097743988037,9.0694580078125,0.9535830020904541,0.21680617332458496,1.05482816696167,88.4,87.852,86.36,6.239417791366577,3.310482978820801,4.948671102523804,3.9652602672576904,1.5352871417999268,3.65323805809021,85.59,80.13,86.00999999999999,0.4728403091430664,0.3059098720550537,0.4869387149810791,0.2023313045501709,0.06598305702209473,0.18866300582885742,92.45,89.12,92.25999999999999,0.4410407543182373,0.2621805667877197,0.45720672607421875,0.15707063674926758,0.053110599517822266,0.16165471076965332,79.0,73.58,76.42999999999999,0.6056857109069824,0.30031299591064453,0.5975382328033447,0.1790323257446289,0.057822465896606445,0.16924071311950684,78.14,78.09,78.95,0.9786434173583984,0.30283522605895996,0.9287092685699463,0.32041001319885254,0.052500009536743164,0.3219795227050781,92.43,90.9,93.35,0.6416366100311279,0.25930047035217285,0.6368756294250488,0.2862818241119385,0.05175375938415527,0.2874486446380615,95.08,92.61,95.53,2.4645473957061768,0.4486227035522461,2.576528549194336,1.2544748783111572,0.14693164825439453,1.2952032089233398,87.56,85.96000000000001,87.9,1.259368658065796,0.477952241897583,1.2396113872528076,0.7752265930175781,0.19999313354492188,0.7453606128692627,88.53999999999999,84.49600000000001,81.44,6.175344228744507,1.3578219413757324,3.9306538105010986,3.837693929672241,0.6179299354553223,3.2812047004699707,95.12,93.03,95.25,1.2431666851043701,0.44622182846069336,1.1968936920166016,0.7099530696868896,0.16309237480163574,0.676999568939209,10.15,10.0,10.13,13.638840675354004,2.525566816329956,13.669075727462769,1.6281585693359375,0.2177135944366455,1.6488118171691895
86.292,86.32,80.068,3.2672269344329834,1.3306033611297607,1.9194393157958984,1.579864501953125,0.6322243213653564,1.5092418193817139,84.64399999999999,84.61999999999999,75.412,2.0271034240722656,0.8331069946289062,1.009230613708496,0.9270601272583008,0.4557075500488281,0.8793730735778809,79.94,77.2,82.44,3.3741848468780518,0.6196825504302979,3.257265567779541,1.3472373485565186,0.17742514610290527,1.3539714813232422,88.952,85.724,86.028,10.765679836273193,2.0860657691955566,5.926896810531616,6.248785972595215,0.927659273147583,4.90839958190918,10.14,9.93,10.14,4.595849514007568,0.9170143604278564,4.609514236450195,0.40092968940734863,0.0899648666381836,0.3734781742095947,88.63,85.9,88.42,2.9126453399658203,0.475966215133667,3.05421781539917,1.515099048614502,0.19207525253295898,1.4871866703033447,87.22999999999999,79.14999999999999,86.25,0.7059268951416016,0.2965972423553467,0.7163982391357422,0.34483861923217773,0.06163787841796875,0.3493986129760742,10.24,10.03,10.17,2.5321996212005615,0.9231536388397217,2.5300893783569336,0.224534273147583,0.0954291820526123,0.22150206565856934,80.32000000000001,78.28,79.81,2.252816915512085,0.6135232448577881,1.6903085708618164,0.8588640689849854,0.1884145736694336,0.7376036643981934,10.059999999999999,10.03,10.17,8.74169111251831,2.54411244392395,9.050507307052612,0.9675712585449219,0.2223348617553711,1.0632829666137695,86.876,85.788,86.436,6.177239656448364,3.369710922241211,4.863170862197876,3.912868022918701,1.5539264678955078,3.695326328277588,85.58,79.64,86.07000000000001,0.47961902618408203,0.308621883392334,0.48004770278930664,0.18803834915161133,0.06810235977172852,0.18932747840881348,91.12,90.2,92.55,0.43346333503723145,0.2620837688446045,0.44200682640075684,0.1643693447113037,0.05063128471374512,0.16309428215026855,76.74,78.29,77.52,0.5988361835479736,0.29903125762939453,0.6060895919799805,0.1694777011871338,0.05267834663391113,0.17384600639343262,80.25,75.11,78.56,0.9605269432067871,0.2988553047180176,0.9464831352233887,0.328890323638916,0.05261826515197754,0.3245680332183838,93.37,90.09,93.69,0.6551039218902588,0.25986671447753906,0.6370425224304199,0.2961080074310303,0.05308032035827637,0.2881927490234375,95.23,92.0,95.56,2.4604971408843994,0.4449174404144287,2.567246437072754,1.2869775295257568,0.15791940689086914,1.293034315109253,88.05,85.3,87.83,1.2607460021972656,0.47606992721557617,1.232550859451294,0.7741947174072266,0.18951892852783203,0.7656447887420654,85.528,86.44,82.604,6.325660228729248,1.3575537204742432,3.932685375213623,3.8044698238372803,0.6209008693695068,3.3050644397735596,94.13,92.15,94.75,1.2334158420562744,0.45294761657714844,1.1849331855773926,0.716402530670166,0.15588831901550293,0.6648690700531006,9.879999999999999,10.05,9.959999999999999,13.693861484527588,2.5337469577789307,13.655560970306396,1.6985037326812744,0.22632861137390137,1.6255121231079102
